id,ui,page,kind,element,type,reference,outcome,status,note
UI01.01,UI01,finance,control,CRM,button,,STATE,PASS,State: section Finance/ -> CRM/
UI01.02,UI01,finance,control,Finance,button,,NOOP,PASS,Current department; no action by design
UI01.03,UI01,finance,control,HR,button,,STATE,PASS,State: section Finance/ -> HR/Overview
UI01.04,UI01,finance,control,Inventory,button,,STATE,PASS,State: section Finance/ -> Inventory/
UI01.05,UI01,finance,control,Procurement,button,,STATE,PASS,State: section Finance/ -> Procurement/
UI01.06,UI01,finance,control,Sales,button,,STATE,PASS,State: section Finance/ -> Sales/
UI01.07,UI01,sales,control,CRM,button,,STATE,PASS,State: section Sales/ -> CRM/
UI01.08,UI01,sales,control,Finance,button,,STATE,PASS,State: section Sales/ -> Finance/
UI01.09,UI01,sales,control,HR,button,,STATE,PASS,State: section Sales/ -> HR/Overview
UI01.10,UI01,sales,control,Inventory,button,,STATE,PASS,State: section Sales/ -> Inventory/
UI01.11,UI01,sales,control,Procurement,button,,STATE,PASS,State: section Sales/ -> Procurement/
UI01.12,UI01,sales,control,Sales,button,,NOOP,PASS,Current department; no action by design
UI01.13,UI01,inventory,control,CRM,button,,STATE,PASS,State: section Inventory/ -> CRM/
UI01.14,UI01,inventory,control,Finance,button,,STATE,PASS,State: section Inventory/ -> Finance/
UI01.15,UI01,inventory,control,HR,button,,STATE,PASS,State: section Inventory/ -> HR/Overview
UI01.16,UI01,inventory,control,Inventory,button,,NOOP,PASS,Current department; no action by design
UI01.17,UI01,inventory,control,Procurement,button,,STATE,PASS,State: section Inventory/ -> Procurement/
UI01.18,UI01,inventory,control,Sales,button,,STATE,PASS,State: section Inventory/ -> Sales/
UI01.19,UI01,procurement,control,CRM,button,,STATE,PASS,State: section Procurement/ -> CRM/
UI01.20,UI01,procurement,control,Finance,button,,STATE,PASS,State: section Procurement/ -> Finance/
UI01.21,UI01,procurement,control,HR,button,,STATE,PASS,State: section Procurement/ -> HR/Overview
UI01.22,UI01,procurement,control,Inventory,button,,STATE,PASS,State: section Procurement/ -> Inventory/
UI01.23,UI01,procurement,control,Procurement,button,,NOOP,PASS,Current department; no action by design
UI01.24,UI01,procurement,control,Sales,button,,STATE,PASS,State: section Procurement/ -> Sales/
UI01.25,UI01,crm,control,CRM,button,,NOOP,PASS,Current department; no action by design
UI01.26,UI01,crm,control,Finance,button,,STATE,PASS,State: section CRM/ -> Finance/
UI01.27,UI01,crm,control,HR,button,,STATE,PASS,State: section CRM/ -> HR/Overview
UI01.28,UI01,crm,control,Inventory,button,,STATE,PASS,State: section CRM/ -> Inventory/
UI01.29,UI01,crm,control,Procurement,button,,STATE,PASS,State: section CRM/ -> Procurement/
UI01.30,UI01,crm,control,Sales,button,,STATE,PASS,State: section CRM/ -> Sales/
UI01.31,UI01,hr-overview,control,CRM,button,,STATE,PASS,State: section HR/Overview -> CRM/
UI01.32,UI01,hr-overview,control,Finance,button,,STATE,PASS,State: section HR/Overview -> Finance/
UI01.33,UI01,hr-overview,control,HR,button,,NOOP,PASS,Current department; no action by design
UI01.34,UI01,hr-overview,control,Inventory,button,,STATE,PASS,State: section HR/Overview -> Inventory/
UI01.35,UI01,hr-overview,control,Procurement,button,,STATE,PASS,State: section HR/Overview -> Procurement/
UI01.36,UI01,hr-overview,control,Sales,button,,STATE,PASS,State: section HR/Overview -> Sales/
UI01.37,UI01,hr-attendance,control,CRM,button,,STATE,PASS,State: section HR/Attendance -> CRM/
UI01.38,UI01,hr-attendance,control,Finance,button,,STATE,PASS,State: section HR/Attendance -> Finance/
UI01.39,UI01,hr-attendance,control,HR,button,,NOOP,PASS,Current department; no action by design
UI01.40,UI01,hr-attendance,control,Inventory,button,,STATE,PASS,State: section HR/Attendance -> Inventory/
UI01.41,UI01,hr-attendance,control,Procurement,button,,STATE,PASS,State: section HR/Attendance -> Procurement/
UI01.42,UI01,hr-attendance,control,Sales,button,,STATE,PASS,State: section HR/Attendance -> Sales/
UI01.43,UI01,hr-time_off,control,CRM,button,,STATE,PASS,State: section HR/Time off -> CRM/
UI01.44,UI01,hr-time_off,control,Finance,button,,STATE,PASS,State: section HR/Time off -> Finance/
UI01.45,UI01,hr-time_off,control,HR,button,,NOOP,PASS,Current department; no action by design
UI01.46,UI01,hr-time_off,control,Inventory,button,,STATE,PASS,State: section HR/Time off -> Inventory/
UI01.47,UI01,hr-time_off,control,Procurement,button,,STATE,PASS,State: section HR/Time off -> Procurement/
UI01.48,UI01,hr-time_off,control,Sales,button,,STATE,PASS,State: section HR/Time off -> Sales/
UI01.49,UI01,hr-shifts,control,CRM,button,,STATE,PASS,State: section HR/Shifts -> CRM/
UI01.50,UI01,hr-shifts,control,Finance,button,,STATE,PASS,State: section HR/Shifts -> Finance/
UI01.51,UI01,hr-shifts,control,HR,button,,NOOP,PASS,Current department; no action by design
UI01.52,UI01,hr-shifts,control,Inventory,button,,STATE,PASS,State: section HR/Shifts -> Inventory/
UI01.53,UI01,hr-shifts,control,Procurement,button,,STATE,PASS,State: section HR/Shifts -> Procurement/
UI01.54,UI01,hr-shifts,control,Sales,button,,STATE,PASS,State: section HR/Shifts -> Sales/
UI01.55,UI01,hr-employees,control,CRM,button,,STATE,PASS,State: section HR/Employees -> CRM/
UI01.56,UI01,hr-employees,control,Finance,button,,STATE,PASS,State: section HR/Employees -> Finance/
UI01.57,UI01,hr-employees,control,HR,button,,NOOP,PASS,Current department; no action by design
UI01.58,UI01,hr-employees,control,Inventory,button,,STATE,PASS,State: section HR/Employees -> Inventory/
UI01.59,UI01,hr-employees,control,Procurement,button,,STATE,PASS,State: section HR/Employees -> Procurement/
UI01.60,UI01,hr-employees,control,Sales,button,,STATE,PASS,State: section HR/Employees -> Sales/
UI02.01,UI02,finance,nested control,[inline: Period (Custom range)] From,input[date],,STATE,PASS,State: content changed
UI02.02,UI02,finance,nested control,[inline: Period (Custom range)] To,input[date],,STATE,PASS,State: content changed
UI02.03,UI02,finance,reference control,This month …,reference control,present,REFERENCE-ONLY,PASS,Same period selector operated in Odoo
UI02.04,UI02,sales,nested control,[inline: Period (Custom range)] From,input[date],,STATE,PASS,State: content changed
UI02.05,UI02,sales,nested control,[inline: Period (Custom range)] To,input[date],,STATE,PASS,State: content changed
UI02.06,UI02,sales,reference control,This month …,reference control,present,REFERENCE-ONLY,PASS,Same period selector operated in Odoo
UI02.07,UI02,inventory,control,Inventory · Stock date,input[date],,STATE,PASS,State: content changed
UI02.08,UI02,inventory,nested control,[inline: Period (Custom range)] From,input[date],,STATE,PASS,State: content changed
UI02.09,UI02,inventory,nested control,[inline: Period (Custom range)] To,input[date],,STATE,PASS,State: content changed
UI02.10,UI02,inventory,reference control,This month …,reference control,present,REFERENCE-ONLY,PASS,Same period selector operated in Odoo
UI02.11,UI02,procurement,nested control,[inline: Period (Custom range)] From,input[date],,STATE,PASS,State: content changed
UI02.12,UI02,procurement,nested control,[inline: Period (Custom range)] To,input[date],,STATE,PASS,State: content changed
UI02.13,UI02,procurement,reference control,This month …,reference control,present,REFERENCE-ONLY,PASS,Same period selector operated in Odoo
UI02.14,UI02,crm,nested control,[inline: Period (Custom range)] From,input[date],,STATE,PASS,State: content changed
UI02.15,UI02,crm,nested control,[inline: Period (Custom range)] To,input[date],,STATE,PASS,State: content changed
UI02.16,UI02,crm,reference control,This month …,reference control,present,REFERENCE-ONLY,PASS,Same period selector operated in Odoo
UI03.01,UI03,finance,nested control,[inline: Edit] Balance as of,input[date],,STATE,PASS,State: content changed
UI03.02,UI03,finance,reference control,Change balance cutoff,reference control,present,REFERENCE-ONLY,PASS,Same control operated in Odoo ('Edit' balance cutoff)
UI03.03,UI03,sales,nested control,[inline: Edit] Balance as of,input[date],,STATE,PASS,State: content changed
UI03.04,UI03,sales,reference control,Change balance cutoff,reference control,present,REFERENCE-ONLY,PASS,Same control operated in Odoo ('Edit' balance cutoff)
UI03.05,UI03,inventory,control,Inventory · record row (sampled 2 of 10),button,,REQUEST,PASS,Reloaded its source; same data
UI03.06,UI03,inventory,nested control,[inline: Edit] Balance as of,input[date],,STATE,PASS,State: content changed
UI03.07,UI03,inventory,reference control,Change balance cutoff,reference control,present,REFERENCE-ONLY,PASS,Same control operated in Odoo ('Edit' balance cutoff)
UI03.08,UI03,procurement,nested control,[inline: Edit] Balance as of,input[date],,STATE,PASS,State: content changed
UI03.09,UI03,procurement,reference control,Change balance cutoff,reference control,present,REFERENCE-ONLY,PASS,Same control operated in Odoo ('Edit' balance cutoff)
UI03.10,UI03,crm,nested control,[inline: Edit] Balance as of,input[date],,STATE,PASS,State: content changed
UI03.11,UI03,crm,reference control,Change balance cutoff,reference control,present,REFERENCE-ONLY,PASS,Same control operated in Odoo ('Edit' balance cutoff)
UI04.01,UI04,finance,nested control,[dialog: Saved views] Saved views · Reset view,button,,CLOSED,PASS,Closed its dialog or menu and loaded the linked view
UI04.02,UI04,finance,nested control,[menu: More] Export summary CSV,button,,DOWNLOAD,PASS,Download: executive-summary.csv
UI04.03,UI04,finance,nested control,[menu: More] Print summary,button,,DIALOG,PASS,Dialog: Print preview
UI04.04,UI04,finance,nested control,[menu: More] Reset view,button,,STATE,PASS,State: content changed (+9 rpc)
UI04.05,UI04,sales,nested control,[menu: More] Export summary CSV,button,,DOWNLOAD,PASS,Download: executive-summary.csv
UI04.06,UI04,sales,nested control,[menu: More] Print summary,button,,DIALOG,PASS,Dialog: Print preview
UI04.07,UI04,sales,nested control,[menu: More] Reset view,button,,STATE,PASS,State: section Sales/ -> Finance/
UI04.08,UI04,inventory,nested control,[menu: More] Export summary CSV,button,,DOWNLOAD,PASS,Download: executive-summary.csv
UI04.09,UI04,inventory,nested control,[menu: More] Print summary,button,,DIALOG,PASS,Dialog: Print preview
UI04.10,UI04,inventory,nested control,[menu: More] Reset view,button,,STATE,PASS,State: section Inventory/ -> Finance/
UI04.11,UI04,procurement,nested control,[menu: More] Export summary CSV,button,,DOWNLOAD,PASS,Download: executive-summary.csv
UI04.12,UI04,procurement,nested control,[menu: More] Print summary,button,,DIALOG,PASS,Dialog: Print preview
UI04.13,UI04,procurement,nested control,[menu: More] Reset view,button,,STATE,PASS,State: section Procurement/ -> Finance/
UI04.14,UI04,crm,nested control,[menu: More] Export summary CSV,button,,DOWNLOAD,PASS,Download: executive-summary.csv
UI04.15,UI04,crm,nested control,[menu: More] Print summary,button,,DIALOG,PASS,Dialog: Print preview
UI04.16,UI04,crm,nested control,[menu: More] Reset view,button,,STATE,PASS,State: section CRM/ -> Finance/
UI04.17,UI04,hr-overview,nested control,[menu: More] Export summary CSV,button,,DOWNLOAD,PASS,Download: executive-summary.csv
UI04.18,UI04,hr-overview,nested control,[menu: More] Print summary,button,,DIALOG,PASS,Dialog: Print preview
UI04.19,UI04,hr-overview,nested control,[menu: More] Reset view,button,,STATE,PASS,State: section HR/Overview -> Finance/
UI04.20,UI04,hr-attendance,nested control,[menu: More] Export summary CSV,button,,DOWNLOAD,PASS,Download: executive-summary.csv
UI04.21,UI04,hr-attendance,nested control,[menu: More] Print summary,button,,DIALOG,PASS,Dialog: Print preview
UI04.22,UI04,hr-attendance,nested control,[menu: More] Reset view,button,,STATE,PASS,State: section HR/Attendance -> Finance/
UI04.23,UI04,hr-time_off,nested control,[menu: More] Export summary CSV,button,,DOWNLOAD,PASS,Download: executive-summary.csv
UI04.24,UI04,hr-time_off,nested control,[menu: More] Print summary,button,,DIALOG,PASS,Dialog: Print preview
UI04.25,UI04,hr-time_off,nested control,[menu: More] Reset view,button,,STATE,PASS,State: section HR/Time off -> Finance/
UI04.26,UI04,hr-shifts,nested control,[menu: More] Export summary CSV,button,,DOWNLOAD,PASS,Download: executive-summary.csv
UI04.27,UI04,hr-shifts,nested control,[menu: More] Print summary,button,,DIALOG,PASS,Dialog: Print preview
UI04.28,UI04,hr-shifts,nested control,[menu: More] Reset view,button,,STATE,PASS,State: section HR/Shifts -> Finance/
UI04.29,UI04,hr-employees,nested control,[menu: More] Export summary CSV,button,,DOWNLOAD,PASS,Download: executive-summary.csv
UI04.30,UI04,hr-employees,nested control,[menu: More] Print summary,button,,DIALOG,PASS,Dialog: Print preview
UI04.31,UI04,hr-employees,nested control,[menu: More] Reset view,button,,STATE,PASS,State: section HR/Employees -> Finance/
UI05.01,UI05,finance,component,Net profit,titled component,present,COMPARED,PASS,Present in both; paired capture inspected
UI05.02,UI05,finance,component,Profitability,titled component,present,COMPARED,PASS,Present in both; paired capture inspected
UI05.03,UI05,finance,component,Revenue,titled component,present,COMPARED,PASS,Present in both; paired capture inspected
UI05.04,UI05,finance,control,Net profit · Source & definition,button,,DIALOG,PASS,Dialog: Net profit
UI05.05,UI05,finance,control,Revenue · Source & definition,button,,DIALOG,PASS,Dialog: Revenue
UI05.06,UI05,finance,nested control,[dialog: Source & definition] Revenue · Back to dashboard,button,,CLOSED,PASS,Closed its dialog or menu
UI05.07,UI05,finance,nested control,[dialog: Source & definition] Revenue · Close,button,,CLOSED,PASS,Closed its dialog or menu
UI05.08,UI05,finance,reference control,"Profitability · Gross profit: 464,800 EGP",reference control,present,REFERENCE-ONLY,BLOCKED,"Needs Enterprise account_reports (adams_dashboard_finance), not installable in the local Community run; the finance area shows its not-installed state. Verify on the Odoo.sh build."
UI05.09,UI05,finance,reference control,Profitability · Gross profit: Source & definition,reference control,present,REFERENCE-ONLY,BLOCKED,"Needs Enterprise account_reports (adams_dashboard_finance), not installable in the local Community run; the finance area shows its not-installed state. Verify on the Odoo.sh build."
UI05.10,UI05,finance,reference control,"Profitability · Net profit: 182,400 EGP",reference control,present,REFERENCE-ONLY,BLOCKED,"Needs Enterprise account_reports (adams_dashboard_finance), not installable in the local Community run; the finance area shows its not-installed state. Verify on the Odoo.sh build."
UI05.11,UI05,finance,reference control,Profitability · Net profit: Source & definition,reference control,present,REFERENCE-ONLY,PASS,Same control operated in Odoo ('Source & definition' on that card)
UI05.12,UI05,finance,reference control,"Profitability · Operating expenses: 282,400 EGP",reference control,present,REFERENCE-ONLY,BLOCKED,"Needs Enterprise account_reports (adams_dashboard_finance), not installable in the local Community run; the finance area shows its not-installed state. Verify on the Odoo.sh build."
UI05.13,UI05,finance,reference control,Profitability · Operating expenses: Source & definition,reference control,present,REFERENCE-ONLY,BLOCKED,"Needs Enterprise account_reports (adams_dashboard_finance), not installable in the local Community run; the finance area shows its not-installed state. Verify on the Odoo.sh build."
UI05.14,UI05,finance,reference control,"Profitability · Overdue: 36,300 EGP",reference control,present,REFERENCE-ONLY,BLOCKED,"Needs Enterprise account_reports (adams_dashboard_finance), not installable in the local Community run; the finance area shows its not-installed state. Verify on the Odoo.sh build."
UI05.15,UI05,finance,reference control,Profitability · Overdue: Source & definition,reference control,present,REFERENCE-ONLY,BLOCKED,"Needs Enterprise account_reports (adams_dashboard_finance), not installable in the local Community run; the finance area shows its not-installed state. Verify on the Odoo.sh build."
UI05.16,UI05,finance,reference control,"Profitability · Revenue: 1,284,000 EGP",reference control,present,REFERENCE-ONLY,BLOCKED,"Needs Enterprise account_reports (adams_dashboard_finance), not installable in the local Community run; the finance area shows its not-installed state. Verify on the Odoo.sh build."
UI05.17,UI05,finance,reference control,Profitability · Revenue: Source & definition,reference control,present,REFERENCE-ONLY,PASS,Same control operated in Odoo ('Source & definition' on that card)
UI05.18,UI05,finance,reference control,"Profitability · Today: 12,500 EGP",reference control,present,REFERENCE-ONLY,BLOCKED,"Needs Enterprise account_reports (adams_dashboard_finance), not installable in the local Community run; the finance area shows its not-installed state. Verify on the Odoo.sh build."
UI05.19,UI05,finance,reference control,Profitability · Today: Source & definition,reference control,present,REFERENCE-ONLY,BLOCKED,"Needs Enterprise account_reports (adams_dashboard_finance), not installable in the local Community run; the finance area shows its not-installed state. Verify on the Odoo.sh build."
UI05.20,UI05,finance,reference control,Profitability · record row,reference control x2,present,REFERENCE-ONLY,BLOCKED,"Needs Enterprise account_reports (adams_dashboard_finance), not installable in the local Community run; the finance area shows its not-installed state. Verify on the Odoo.sh build."
UI05.21,UI05,finance,reference control,Profitability · record row,reference control x2,present,REFERENCE-ONLY,BLOCKED,"Needs Enterprise account_reports (adams_dashboard_finance), not installable in the local Community run; the finance area shows its not-installed state. Verify on the Odoo.sh build."
UI05.22,UI05,finance,reference control,Profitability · record row,reference control x3,present,REFERENCE-ONLY,BLOCKED,"Needs Enterprise account_reports (adams_dashboard_finance), not installable in the local Community run; the finance area shows its not-installed state. Verify on the Odoo.sh build."
UI06.01,UI06,finance,component,Revenue & profit,titled component,present,COMPARED,PASS,Present in both; paired capture inspected
UI06.02,UI06,finance,control,Revenue & profit · View report,button,,DISABLED,PASS,Disabled by state (disabled at load)
UI06.03,UI06,finance,reference control,Revenue & profit · Apr gross profit — open report,reference control,present,REFERENCE-ONLY,BLOCKED,"Needs Enterprise account_reports (adams_dashboard_finance), not installable in the local Community run; the finance area shows its not-installed state. Verify on the Odoo.sh build."
UI06.04,UI06,finance,reference control,Revenue & profit · Apr net profit — open report,reference control,present,REFERENCE-ONLY,BLOCKED,"Needs Enterprise account_reports (adams_dashboard_finance), not installable in the local Community run; the finance area shows its not-installed state. Verify on the Odoo.sh build."
UI06.05,UI06,finance,reference control,Revenue & profit · Apr revenue — open report,reference control,present,REFERENCE-ONLY,BLOCKED,"Needs Enterprise account_reports (adams_dashboard_finance), not installable in the local Community run; the finance area shows its not-installed state. Verify on the Odoo.sh build."
UI06.06,UI06,finance,reference control,Revenue & profit · Aug gross profit — open report,reference control,present,REFERENCE-ONLY,BLOCKED,"Needs Enterprise account_reports (adams_dashboard_finance), not installable in the local Community run; the finance area shows its not-installed state. Verify on the Odoo.sh build."
UI06.07,UI06,finance,reference control,Revenue & profit · Aug net profit — open report,reference control,present,REFERENCE-ONLY,BLOCKED,"Needs Enterprise account_reports (adams_dashboard_finance), not installable in the local Community run; the finance area shows its not-installed state. Verify on the Odoo.sh build."
UI06.08,UI06,finance,reference control,Revenue & profit · Aug revenue — open report,reference control,present,REFERENCE-ONLY,BLOCKED,"Needs Enterprise account_reports (adams_dashboard_finance), not installable in the local Community run; the finance area shows its not-installed state. Verify on the Odoo.sh build."
UI06.09,UI06,finance,reference control,Revenue & profit · Jul gross profit — open report,reference control,present,REFERENCE-ONLY,BLOCKED,"Needs Enterprise account_reports (adams_dashboard_finance), not installable in the local Community run; the finance area shows its not-installed state. Verify on the Odoo.sh build."
UI06.10,UI06,finance,reference control,Revenue & profit · Jul net profit — open report,reference control,present,REFERENCE-ONLY,BLOCKED,"Needs Enterprise account_reports (adams_dashboard_finance), not installable in the local Community run; the finance area shows its not-installed state. Verify on the Odoo.sh build."
UI06.11,UI06,finance,reference control,Revenue & profit · Jul revenue — open report,reference control,present,REFERENCE-ONLY,BLOCKED,"Needs Enterprise account_reports (adams_dashboard_finance), not installable in the local Community run; the finance area shows its not-installed state. Verify on the Odoo.sh build."
UI06.12,UI06,finance,reference control,Revenue & profit · Jun gross profit — open report,reference control,present,REFERENCE-ONLY,BLOCKED,"Needs Enterprise account_reports (adams_dashboard_finance), not installable in the local Community run; the finance area shows its not-installed state. Verify on the Odoo.sh build."
UI06.13,UI06,finance,reference control,Revenue & profit · Jun net profit — open report,reference control,present,REFERENCE-ONLY,BLOCKED,"Needs Enterprise account_reports (adams_dashboard_finance), not installable in the local Community run; the finance area shows its not-installed state. Verify on the Odoo.sh build."
UI06.14,UI06,finance,reference control,Revenue & profit · Jun revenue — open report,reference control,present,REFERENCE-ONLY,BLOCKED,"Needs Enterprise account_reports (adams_dashboard_finance), not installable in the local Community run; the finance area shows its not-installed state. Verify on the Odoo.sh build."
UI06.15,UI06,finance,reference control,Revenue & profit · May gross profit — open report,reference control,present,REFERENCE-ONLY,BLOCKED,"Needs Enterprise account_reports (adams_dashboard_finance), not installable in the local Community run; the finance area shows its not-installed state. Verify on the Odoo.sh build."
UI06.16,UI06,finance,reference control,Revenue & profit · May net profit — open report,reference control,present,REFERENCE-ONLY,BLOCKED,"Needs Enterprise account_reports (adams_dashboard_finance), not installable in the local Community run; the finance area shows its not-installed state. Verify on the Odoo.sh build."
UI06.17,UI06,finance,reference control,Revenue & profit · May revenue — open report,reference control,present,REFERENCE-ONLY,BLOCKED,"Needs Enterprise account_reports (adams_dashboard_finance), not installable in the local Community run; the finance area shows its not-installed state. Verify on the Odoo.sh build."
UI06.18,UI06,finance,reference control,Revenue & profit · Sep* gross profit — open report,reference control,present,REFERENCE-ONLY,BLOCKED,"Needs Enterprise account_reports (adams_dashboard_finance), not installable in the local Community run; the finance area shows its not-installed state. Verify on the Odoo.sh build."
UI06.19,UI06,finance,reference control,Revenue & profit · Sep* net profit — open report,reference control,present,REFERENCE-ONLY,BLOCKED,"Needs Enterprise account_reports (adams_dashboard_finance), not installable in the local Community run; the finance area shows its not-installed state. Verify on the Odoo.sh build."
UI06.20,UI06,finance,reference control,Revenue & profit · Sep* revenue — open report,reference control,present,REFERENCE-ONLY,BLOCKED,"Needs Enterprise account_reports (adams_dashboard_finance), not installable in the local Community run; the finance area shows its not-installed state. Verify on the Odoo.sh build."
UI06.21,UI06,finance,reference control,Revenue & profit · View chart as a table,reference control,present,REFERENCE-ONLY,BLOCKED,"Needs Enterprise account_reports (adams_dashboard_finance), not installable in the local Community run; the finance area shows its not-installed state. Verify on the Odoo.sh build."
UI06.22,UI06,finance,reference control,Revenue & profit · record row,reference control x18,present,REFERENCE-ONLY,BLOCKED,"Needs Enterprise account_reports (adams_dashboard_finance), not installable in the local Community run; the finance area shows its not-installed state. Verify on the Odoo.sh build."
UI07.01,UI07,finance,component,Performance context,titled component,present,COMPARED,PASS,Present in both; paired capture inspected
UI07.02,UI07,finance,control,Performance context · Source & definition,button,,DIALOG,PASS,Dialog: Revenue
UI08.01,UI08,finance,component,Bank & cash,titled component,present,COMPARED,PASS,Present in both; paired capture inspected
UI08.02,UI08,finance,control,Bank & cash · Source & definition,button,,DIALOG,PASS,Dialog: Bank & cash
UI08.03,UI08,finance,control,Bank & cash · View accounts,button,,DIALOG,PASS,Dialog: Bank & cash accounts
UI08.04,UI08,finance,reference control,Bank & cash · Cash source and definition,reference control,present,REFERENCE-ONLY,BLOCKED,"Needs Enterprise account_reports (adams_dashboard_finance), not installable in the local Community run; the finance area shows its not-installed state. Verify on the Odoo.sh build."
UI08.05,UI08,finance,reference control,"Bank & cash · EGP 640,000",reference control,present,REFERENCE-ONLY,BLOCKED,"Needs Enterprise account_reports (adams_dashboard_finance), not installable in the local Community run; the finance area shows its not-installed state. Verify on the Odoo.sh build."
UI09.01,UI09,finance,component,Payables,titled component,present,COMPARED,PASS,Present in both; paired capture inspected
UI09.02,UI09,finance,component,Receivables,titled component,present,COMPARED,PASS,Present in both; paired capture inspected
UI09.03,UI09,finance,control,Payables · Source & definition,button,,DIALOG,PASS,Dialog: Payables
UI09.04,UI09,finance,control,Receivables · Source & definition,button,,DIALOG,PASS,Dialog: Receivables
UI09.05,UI09,finance,reference control,Payables · Partner Ledger,reference control,present,REFERENCE-ONLY,BLOCKED,"Needs Enterprise account_reports (adams_dashboard_finance), not installable in the local Community run; the finance area shows its not-installed state. Verify on the Odoo.sh build."
UI09.06,UI09,finance,reference control,Payables · Payables: Source and definition,reference control,present,REFERENCE-ONLY,PASS,Same control operated in Odoo ('Source & definition' on that card)
UI09.07,UI09,finance,reference control,Payables · View all aging buckets,reference control,present,REFERENCE-ONLY,BLOCKED,"Needs Enterprise account_reports (adams_dashboard_finance), not installable in the local Community run; the finance area shows its not-installed state. Verify on the Odoo.sh build."
UI09.08,UI09,finance,reference control,Payables · record row,reference control x2,present,REFERENCE-ONLY,BLOCKED,"Needs Enterprise account_reports (adams_dashboard_finance), not installable in the local Community run; the finance area shows its not-installed state. Verify on the Odoo.sh build."
UI09.09,UI09,finance,reference control,Payables · record row,reference control x6,present,REFERENCE-ONLY,BLOCKED,"Needs Enterprise account_reports (adams_dashboard_finance), not installable in the local Community run; the finance area shows its not-installed state. Verify on the Odoo.sh build."
UI09.10,UI09,finance,reference control,Receivables · Partner Ledger,reference control,present,REFERENCE-ONLY,BLOCKED,"Needs Enterprise account_reports (adams_dashboard_finance), not installable in the local Community run; the finance area shows its not-installed state. Verify on the Odoo.sh build."
UI09.11,UI09,finance,reference control,Receivables · Receivables: Source and definition,reference control,present,REFERENCE-ONLY,PASS,Same control operated in Odoo ('Source & definition' on that card)
UI09.12,UI09,finance,reference control,Receivables · View all aging buckets,reference control,present,REFERENCE-ONLY,BLOCKED,"Needs Enterprise account_reports (adams_dashboard_finance), not installable in the local Community run; the finance area shows its not-installed state. Verify on the Odoo.sh build."
UI09.13,UI09,finance,reference control,Receivables · record row,reference control x2,present,REFERENCE-ONLY,BLOCKED,"Needs Enterprise account_reports (adams_dashboard_finance), not installable in the local Community run; the finance area shows its not-installed state. Verify on the Odoo.sh build."
UI09.14,UI09,finance,reference control,Receivables · record row,reference control x6,present,REFERENCE-ONLY,BLOCKED,"Needs Enterprise account_reports (adams_dashboard_finance), not installable in the local Community run; the finance area shows its not-installed state. Verify on the Odoo.sh build."
UI10.01,UI10,finance,component,Cash flow for the selected period,titled component,present,COMPARED,PASS,Present in both; paired capture inspected
UI10.02,UI10,finance,component,Cash forecast,titled component,present,REFERENCE-ONLY,BLOCKED,"Needs Enterprise account_reports (adams_dashboard_finance), not installable in the local Community run; the finance area shows its not-installed state. Verify on the Odoo.sh build."
UI10.03,UI10,finance,component,Money movement,titled component,present,COMPARED,PASS,Present in both; paired capture inspected
UI10.04,UI10,finance,control,Money movement · View report,button,,DISABLED,PASS,Disabled by state (disabled at load)
UI11.01,UI11,finance,component,Balance sheet,titled component,present,COMPARED,PASS,Present in both; paired capture inspected
UI11.02,UI11,finance,component,Supplier payments,titled component,present,REFERENCE-ONLY,BLOCKED,"Needs Enterprise account_reports (adams_dashboard_finance), not installable in the local Community run; the finance area shows its not-installed state. Verify on the Odoo.sh build."
UI11.03,UI11,finance,control,Balance sheet · View report,button,,DISABLED,PASS,Disabled by state (disabled at load)
UI12.01,UI12,sales,component,Confirmed orders,titled component,present,COMPARED,PASS,Present in both; paired capture inspected
UI12.02,UI12,sales,component,Invoiced sales,titled component,present,COMPARED,PASS,Present in both; paired capture inspected
UI12.03,UI12,sales,component,Sales performance,titled component,present,COMPARED,PASS,Present in both; paired capture inspected
UI12.04,UI12,sales,control,Confirmed orders · Source & definition,button,,DIALOG,PASS,Dialog: Confirmed orders
UI12.05,UI12,sales,control,Confirmed orders · metric value,button,,NAV,PASS,Opened native Sales Analysis
UI12.06,UI12,sales,control,Invoiced sales · Source & definition,button,,DIALOG,PASS,Dialog: Invoiced sales
UI12.07,UI12,sales,control,Invoiced sales · metric value,button,,NAV,PASS,Opened native Invoices Analysis
UI12.08,UI12,sales,nested control,[dialog: Source & definition] Invoiced sales · Back to dashboard,button,,CLOSED,PASS,Closed its dialog or menu
UI12.09,UI12,sales,nested control,[dialog: Source & definition] Invoiced sales · Close,button,,CLOSED,PASS,Closed its dialog or menu
UI12.10,UI12,sales,reference control,"Sales performance · Confirmed orders: 1,687,500 EGP",reference control,present,REFERENCE-ONLY,PASS,Metric value button operated in Odoo on that card (native value opens its report)
UI12.11,UI12,sales,reference control,Sales performance · Confirmed orders: Source & definition,reference control,present,REFERENCE-ONLY,PASS,Same control operated in Odoo ('Source & definition' on that card)
UI12.12,UI12,sales,reference control,"Sales performance · Invoiced sales: 1,284,000 EGP",reference control,present,REFERENCE-ONLY,PASS,Metric value button operated in Odoo on that card (native value opens its report)
UI12.13,UI12,sales,reference control,Sales performance · Invoiced sales: Source & definition,reference control,present,REFERENCE-ONLY,PASS,Same control operated in Odoo ('Source & definition' on that card)
UI13.01,UI13,sales,component,Sales rankings,titled component,present,COMPARED,PASS,Present in both; paired capture inspected
UI13.02,UI13,sales,component,Top salespeople · invoices,titled component,present,COMPARED,PASS,Present in both; paired capture inspected
UI13.03,UI13,sales,component,Top salespeople · orders,titled component,present,COMPARED,PASS,Present in both; paired capture inspected
UI13.04,UI13,sales,control,Sales rankings · Commercial margin,button,,STATE,PASS,State: content changed (+1 rpc)
UI13.05,UI13,sales,control,Sales rankings · Invoiced sales,button,,REQUEST,PASS,Reloaded its source; same data
UI13.06,UI13,sales,control,Sales rankings · Invoices,button,,STATE,PASS,State: content changed (+1 rpc)
UI13.07,UI13,sales,control,Sales rankings · Next page,button,,STATE,PASS,State: content changed (+1 rpc)
UI13.08,UI13,sales,control,Sales rankings · Orders,button,,STATE,PASS,State: scrolled 0->841
UI13.09,UI13,sales,control,Sales rankings · Previous page,button,,DISABLED,PASS,Disabled at a pagination boundary
UI13.10,UI13,sales,control,Sales rankings · Quotations,button,,STATE,PASS,State: content changed (+1 rpc)
UI13.11,UI13,sales,control,Sales rankings · Show,select,,REQUEST,PASS,Reloaded its source; same data
UI13.12,UI13,sales,control,Sales rankings · metric value,button,,STATE,PASS,State: scrolled 0->961
UI13.13,UI13,sales,control,Sales rankings · metric value,button,,STATE,PASS,State: content changed (+1 rpc)
UI13.14,UI13,sales,control,Sales rankings · metric value,button,,STATE,PASS,State: content changed (+1 rpc)
UI13.15,UI13,sales,control,Sales rankings · record row (sampled 2 of 17),button,,NAV,PASS,Opened native a record form
UI13.16,UI13,sales,control,Sales rankings · record row (sampled 2 of 17),button,,NAV,PASS,Opened native a record form
UI13.17,UI13,sales,control,Top salespeople · invoices · View all,button,,DIALOG,PASS,Dialog: Invoiced sales
UI13.18,UI13,sales,control,Top salespeople · invoices · record row (sampled 2 of 3),button,,NAV,PASS,Opened native Invoices Analysis
UI13.19,UI13,sales,control,Top salespeople · invoices · record row (sampled 2 of 3),button,,NAV,PASS,Opened native Invoices Analysis
UI13.20,UI13,sales,control,Top salespeople · orders · View all,button,,DIALOG,PASS,Dialog: Confirmed orders
UI13.21,UI13,sales,control,Top salespeople · orders · record row (sampled 2 of 2),button,,NAV,PASS,Opened native Sales Analysis
UI13.22,UI13,sales,control,Top salespeople · orders · record row (sampled 2 of 2),button,,NAV,PASS,Opened native Sales Analysis
UI13.23,UI13,sales,reference control,Sales rankings · Top 5 …,reference control,present,REFERENCE-ONLY,PASS,Same ranking-size selector operated in Odoo ('Show')
UI13.24,UI13,sales,reference control,Top salespeople · invoices · record row,reference control,present,REFERENCE-ONLY,PASS,Same row control operated on native records in this panel
UI13.25,UI13,sales,reference control,Top salespeople · invoices · record row,reference control,present,REFERENCE-ONLY,PASS,Same row control operated on native records in this panel
UI13.26,UI13,sales,reference control,Top salespeople · invoices · record row,reference control,present,REFERENCE-ONLY,PASS,Same row control operated on native records in this panel
UI13.27,UI13,sales,reference control,Top salespeople · invoices · record row,reference control,present,REFERENCE-ONLY,PASS,Same row control operated on native records in this panel
UI13.28,UI13,sales,reference control,Top salespeople · invoices · record row,reference control,present,REFERENCE-ONLY,PASS,Same row control operated on native records in this panel
UI13.29,UI13,sales,reference control,Top salespeople · orders · record row,reference control,present,REFERENCE-ONLY,PASS,Same row control operated on native records in this panel
UI13.30,UI13,sales,reference control,Top salespeople · orders · record row,reference control,present,REFERENCE-ONLY,PASS,Same row control operated on native records in this panel
UI13.31,UI13,sales,reference control,Top salespeople · orders · record row,reference control,present,REFERENCE-ONLY,PASS,Same row control operated on native records in this panel
UI13.32,UI13,sales,reference control,Top salespeople · orders · record row,reference control,present,REFERENCE-ONLY,PASS,Same row control operated on native records in this panel
UI13.33,UI13,sales,reference control,Top salespeople · orders · record row,reference control,present,REFERENCE-ONLY,PASS,Same row control operated on native records in this panel
UI14.01,UI14,sales,component,Products & customers,titled component,present,COMPARED,PASS,Present in both; paired capture inspected
UI14.02,UI14,sales,component,Top customers,titled component,present,COMPARED,PASS,Present in both; paired capture inspected
UI14.03,UI14,sales,component,Top products,titled component,present,COMPARED,PASS,Present in both; paired capture inspected
UI14.04,UI14,sales,control,Products & customers · Quantity,button,,STATE,PASS,State: content changed (+1 rpc)
UI14.05,UI14,sales,control,Products & customers · Sales value,button,,REQUEST,PASS,Reloaded its source; same data
UI14.06,UI14,sales,control,Top customers · View all,button,,DIALOG,PASS,Dialog: Invoiced sales
UI14.07,UI14,sales,control,Top customers · record row (sampled 2 of 4),button,,NAV,PASS,Opened native Invoices Analysis
UI14.08,UI14,sales,control,Top customers · record row (sampled 2 of 4),button,,NAV,PASS,Opened native Invoices Analysis
UI14.09,UI14,sales,control,Top products · View all,button,,NAV,PASS,Opened native Invoices Analysis
UI14.10,UI14,sales,control,Top products · record row (sampled 2 of 4),button,,NAV,PASS,Opened native Invoices Analysis
UI14.11,UI14,sales,control,Top products · record row (sampled 2 of 4),button,,NAV,PASS,Opened native Invoices Analysis
UI14.12,UI14,sales,reference control,Top customers · record row,reference control,present,REFERENCE-ONLY,PASS,Same row control operated on native records in this panel
UI14.13,UI14,sales,reference control,Top customers · record row,reference control,present,REFERENCE-ONLY,PASS,Same row control operated on native records in this panel
UI14.14,UI14,sales,reference control,Top customers · record row,reference control,present,REFERENCE-ONLY,PASS,Same row control operated on native records in this panel
UI14.15,UI14,sales,reference control,Top customers · record row,reference control,present,REFERENCE-ONLY,PASS,Same row control operated on native records in this panel
UI14.16,UI14,sales,reference control,Top customers · record row,reference control,present,REFERENCE-ONLY,PASS,Same row control operated on native records in this panel
UI14.17,UI14,sales,reference control,Top products · record row,reference control,present,REFERENCE-ONLY,PASS,Same row control operated on native records in this panel
UI14.18,UI14,sales,reference control,Top products · record row,reference control,present,REFERENCE-ONLY,PASS,Same row control operated on native records in this panel
UI14.19,UI14,sales,reference control,Top products · record row,reference control,present,REFERENCE-ONLY,PASS,Same row control operated on native records in this panel
UI14.20,UI14,sales,reference control,Top products · record row,reference control,present,REFERENCE-ONLY,PASS,Same row control operated on native records in this panel
UI14.21,UI14,sales,reference control,Top products · record row,reference control,present,REFERENCE-ONLY,PASS,Same row control operated on native records in this panel
UI15.01,UI15,sales,component,Delivery status,titled component,present,COMPARED,PASS,Present in both; paired capture inspected
UI15.02,UI15,sales,component,Quotations,titled component,present,COMPARED,PASS,Present in both; paired capture inspected
UI15.03,UI15,sales,component,Recent documents,titled component,present,COMPARED,PASS,Present in both; paired capture inspected
UI15.04,UI15,sales,control,Quotations · Source & definition,button,,DIALOG,PASS,Dialog: Quotations
UI15.05,UI15,sales,control,Quotations · metric value,button,,NAV,PASS,Opened native Sales Analysis
UI15.06,UI15,sales,control,Recent documents · View report,button,,NAV,PASS,Opened native Sales Orders
UI15.07,UI15,sales,nested control,[dialog: Source & definition] Invoiced sales · View report,button,,NAV,PASS,Opened native Invoices Analysis
UI15.08,UI15,sales,reference control,Sales performance · Page 1,reference control x3,present,REFERENCE-ONLY,PASS,Page buttons operated in Odoo
UI15.09,UI15,sales,reference control,"Sales performance · Quotations: 482,100 EGP",reference control,present,REFERENCE-ONLY,PASS,Metric value button operated in Odoo on that card (native value opens its report)
UI15.10,UI15,sales,reference control,Sales performance · Quotations: Source & definition,reference control,present,REFERENCE-ONLY,PASS,Same control operated in Odoo ('Source & definition' on that card)
UI16.01,UI16,inventory,component,From quantity to source records,titled component,present,COMPARED,PASS,Present in both; paired capture inspected
UI16.02,UI16,inventory,component,Keep your working view,titled component,present,COMPARED,PASS,Present in both; paired capture inspected
UI16.03,UI16,inventory,component,Products & locations,titled component,present,COMPARED,PASS,Present in both; paired capture inspected
UI16.04,UI16,inventory,control,Company,select,,STATE,PASS,State: content changed (+10 rpc)
UI16.05,UI16,inventory,control,Edit,button,,STATE,PASS,State: content changed
UI16.06,UI16,inventory,control,Inventory · Apply filters,button,,REQUEST,PASS,Reloaded its source; same data
UI16.07,UI16,inventory,control,Inventory · Clear,button,,REQUEST,PASS,Reloaded its source; same data
UI16.08,UI16,inventory,control,Inventory · Hide negative quantities,input,,STATE,PASS,State: content changed
UI16.09,UI16,inventory,control,Inventory · Hide zero quantities,input,,STATE,PASS,State: content changed
UI16.10,UI16,inventory,control,Inventory · Product category,select,,DRAFT,PASS,"Draft: applied with Apply filters -> REQUEST 1 rpc, same content"
UI16.11,UI16,inventory,control,Inventory · Product or reference,input[search],,STATE,PASS,State: content changed
UI16.12,UI16,inventory,control,Inventory · Sort,select,,STATE,PASS,State: content changed (+1 rpc)
UI16.13,UI16,inventory,control,Inventory · Warehouse,select,,DRAFT,PASS,"Draft: applied with Apply filters -> REQUEST 1 rpc, same content"
UI16.14,UI16,inventory,control,Inventory · metric value,button,,REQUEST,PASS,Reloaded its source; same data
UI16.15,UI16,inventory,control,Inventory · metric value,button,,STATE,PASS,State: content changed (+1 rpc)
UI16.16,UI16,inventory,control,Inventory · metric value,button,,STATE,PASS,State: content changed (+1 rpc)
UI16.17,UI16,inventory,control,Inventory · record row (sampled 2 of 10),button,,REQUEST,PASS,Reloaded its source; same data
UI16.18,UI16,inventory,control,More,button,,STATE,PASS,State: menu opened
UI16.19,UI16,inventory,control,Period,select,,STATE,PASS,State: content changed (+10 rpc)
UI16.20,UI16,inventory,control,Refresh,button,,STATE,PASS,State: content changed (+10 rpc)
UI16.21,UI16,inventory,reference control,About this proposal,reference control,present,REFERENCE-ONLY,N/A,Prototype-only explanation link; the contract replaces implementation notes with owner language
UI16.22,UI16,inventory,reference control,Products & locations · All categories …,reference control,present,REFERENCE-ONLY,PASS,Same filter operated in Odoo (the 'Product category' selector)
UI16.23,UI16,inventory,reference control,Products & locations · All warehouses …,reference control,present,REFERENCE-ONLY,PASS,Same filter operated in Odoo (the 'Warehouse' selector)
UI16.24,UI16,inventory,reference control,Products & locations · Search products…,reference control,present,REFERENCE-ONLY,PASS,Same search field operated in Odoo
UI16.25,UI16,inventory,reference control,Products & locations · checkbox,reference control x2,present,REFERENCE-ONLY,PASS,Same checkbox operated in Odoo
UI16.26,UI16,inventory,reference control,Products & locations · record row,reference control x3,present,REFERENCE-ONLY,PASS,Same row control operated on native records in this panel
UI16.27,UI16,inventory,reference control,Products & locations · record row,reference control x3,present,REFERENCE-ONLY,PASS,Same row control operated on native records in this panel
UI16.28,UI16,inventory,reference control,Products & locations · record row,reference control x2,present,REFERENCE-ONLY,PASS,Same row control operated on native records in this panel
UI18.01,UI18,inventory,control,Inventory · Next page,button,,STATE,PASS,State: content changed (+1 rpc)
UI18.02,UI18,inventory,control,Inventory · Previous page,button,,DISABLED,PASS,Disabled at a pagination boundary
UI18.03,UI18,inventory,reference control,Products & locations · Page 1,reference control x3,present,REFERENCE-ONLY,PASS,Page buttons operated in Odoo
UI18.04,UI18,inventory,reference control,Products & locations · Product name On hand ↓,reference control,present,REFERENCE-ONLY,PASS,Same row control operated on native records in this panel
UI19.01,UI19,inventory,control,Inventory · record row (sampled 1 of 1),button,,NAV,PASS,Opened native Stock
UI19.02,UI19,inventory,control,Inventory · record row (sampled 1 of 1),button,,NAV,PASS,Opened native Stock
UI19.03,UI19,inventory,control,Inventory · record row (sampled 1 of 1),button,,NAV,PASS,Opened native Stock
UI19.04,UI19,inventory,control,Inventory · record row (sampled 1 of 1),button,,NAV,PASS,Opened native Stock
UI19.05,UI19,inventory,control,Inventory · record row (sampled 1 of 1),button,,NAV,PASS,Opened native Stock
UI19.06,UI19,inventory,control,Inventory · record row (sampled 1 of 1),button,,NAV,PASS,Opened native Stock
UI19.07,UI19,inventory,control,Inventory · record row (sampled 1 of 1),button,,NAV,PASS,Opened native Stock
UI19.08,UI19,inventory,control,Inventory · record row (sampled 1 of 1),button,,NAV,PASS,Opened native Stock
UI19.09,UI19,inventory,control,Products & locations · record row (sampled 2 of 3),button,,NAV,PASS,Opened native Stock
UI19.10,UI19,inventory,control,Products & locations · record row (sampled 2 of 3),button,,NAV,PASS,Opened native Stock
UI19.11,UI19,inventory,reference control,Products & locations · Replenishment,reference control,present,REFERENCE-ONLY,PASS,Same row control operated on native records in this panel
UI19.12,UI19,inventory,reference control,Products & locations · record row,reference control x3,present,REFERENCE-ONLY,PASS,Same row control operated on native records in this panel
UI19.13,UI19,inventory,reference control,Products & locations · record row,reference control x3,present,REFERENCE-ONLY,PASS,Same row control operated on native records in this panel
UI19.14,UI19,inventory,reference control,Products & locations · record row,reference control x2,present,REFERENCE-ONLY,PASS,Same row control operated on native records in this panel
UI20.01,UI20,procurement,component,Awaiting approval,titled component,present,COMPARED,PASS,Present in both; paired capture inspected
UI20.02,UI20,procurement,component,Confirmed purchases,titled component,present,COMPARED,PASS,Present in both; paired capture inspected
UI20.03,UI20,procurement,component,Late receipts,titled component,present,COMPARED,PASS,Present in both; paired capture inspected
UI20.04,UI20,procurement,component,Purchasing overview,titled component,present,COMPARED,PASS,Present in both; paired capture inspected
UI20.05,UI20,procurement,component,Recent purchase orders,titled component,present,COMPARED,PASS,Present in both; paired capture inspected
UI20.06,UI20,procurement,component,Supplier payments,titled component,present,COMPARED,PASS,Present in both; paired capture inspected
UI20.07,UI20,procurement,control,Awaiting approval · View source worklist,button,,NAV,PASS,Opened native Purchase Orders
UI20.08,UI20,procurement,control,Awaiting approval · View worklist,button,,NAV,PASS,Opened native Purchase Orders
UI20.09,UI20,procurement,control,Awaiting approval · metric value,button,,NAV,PASS,Opened native Purchase Orders
UI20.10,UI20,procurement,control,Company,select,,STATE,PASS,State: content changed (+11 rpc)
UI20.11,UI20,procurement,control,Confirmed purchases · Source & definition,button,,DIALOG,PASS,Dialog: Confirmed purchases
UI20.12,UI20,procurement,control,Confirmed purchases · metric value,button,,NAV,PASS,Opened native Purchase Analysis
UI20.13,UI20,procurement,control,Edit,button,,STATE,PASS,State: content changed
UI20.14,UI20,procurement,control,Late receipts · Next page,button,,DISABLED,PASS,Disabled at a pagination boundary
UI20.15,UI20,procurement,control,Late receipts · Open report,button,,NAV,PASS,Opened native Purchase Orders
UI20.16,UI20,procurement,control,Late receipts · Previous page,button,,DISABLED,PASS,Disabled at a pagination boundary
UI20.17,UI20,procurement,control,Late receipts · View source worklist,button,,NAV,PASS,Opened native Purchase Orders
UI20.18,UI20,procurement,control,Late receipts · View worklist,button,,NAV,PASS,Opened native Purchase Orders
UI20.19,UI20,procurement,control,Late receipts · metric value,button,,NAV,PASS,Opened native Purchase Orders
UI20.20,UI20,procurement,control,Late receipts · metric value,button,,STATE,PASS,State: scrolled 0->476
UI20.21,UI20,procurement,control,Late receipts · record row (sampled 2 of 3),button,,NAV,PASS,Opened native a record form
UI20.22,UI20,procurement,control,Late receipts · record row (sampled 2 of 3),button,,NAV,PASS,Opened native a record form
UI20.23,UI20,procurement,control,More,button,,STATE,PASS,State: menu opened
UI20.24,UI20,procurement,control,Period,select,,STATE,PASS,State: content changed (+11 rpc)
UI20.25,UI20,procurement,control,Purchasing overview · View report,button,,NAV,PASS,Opened native Purchase Orders
UI20.26,UI20,procurement,control,Recent purchase orders · View all,button,,NAV,PASS,Opened native Purchase Orders
UI20.27,UI20,procurement,control,Recent purchase orders · record row (sampled 2 of 3),button,,NAV,PASS,Opened native a record form
UI20.28,UI20,procurement,control,Recent purchase orders · record row (sampled 2 of 3),button,,NAV,PASS,Opened native a record form
UI20.29,UI20,procurement,control,Refresh,button,,STATE,PASS,State: content changed (+11 rpc)
UI20.30,UI20,procurement,nested control,[dialog: Source & definition] Confirmed purchases · Back to dashboard,button,,CLOSED,PASS,Closed its dialog or menu
UI20.31,UI20,procurement,nested control,[dialog: Source & definition] Confirmed purchases · Close,button,,CLOSED,PASS,Closed its dialog or menu
UI20.32,UI20,procurement,nested control,[dialog: Source & definition] Confirmed purchases · View report,button,,NAV,PASS,Opened native Purchase Analysis
UI20.33,UI20,procurement,nested control,[inline: Edit] Apply filters,button,,STATE,PASS,State: content changed (+11 rpc)
UI20.34,UI20,procurement,reference control,About this proposal,reference control,present,REFERENCE-ONLY,N/A,Prototype-only explanation link; the contract replaces implementation notes with owner language
UI20.35,UI20,procurement,reference control,"Purchasing overview · Awaiting approval: 48,300 EGP",reference control,present,REFERENCE-ONLY,PASS,Metric value button operated in Odoo on that card (native value opens its report)
UI20.36,UI20,procurement,reference control,Purchasing overview · Awaiting approval: Source & definition,reference control,present,REFERENCE-ONLY,N/A,"Owner decision UI20: these count cards open the native worklist ('View worklist', operated) instead of a source drawer"
UI20.37,UI20,procurement,reference control,"Purchasing overview · Confirmed purchases: 728,600 EGP",reference control,present,REFERENCE-ONLY,PASS,Metric value button operated in Odoo on that card (native value opens its report)
UI20.38,UI20,procurement,reference control,Purchasing overview · Confirmed purchases: Source & definition,reference control,present,REFERENCE-ONLY,PASS,Same control operated in Odoo ('Source & definition' on that card)
UI20.39,UI20,procurement,reference control,"Purchasing overview · Late receipts: 91,500 EGP",reference control,present,REFERENCE-ONLY,PASS,Metric value button operated in Odoo on that card (native value opens its report)
UI20.40,UI20,procurement,reference control,Purchasing overview · Late receipts: Source & definition,reference control,present,REFERENCE-ONLY,N/A,"Owner decision UI20: these count cards open the native worklist ('View worklist', operated) instead of a source drawer"
UI20.41,UI20,procurement,reference control,Supplier payments · record row,reference control x4,present,REFERENCE-ONLY,BLOCKED,"Needs Enterprise account_reports (adams_dashboard_finance), not installable in the local Community run; the finance area shows its not-installed state. Verify on the Odoo.sh build."
UI21.01,UI21,crm,component,Expected revenue,titled component,present,COMPARED,PASS,Present in both; paired capture inspected
UI21.02,UI21,crm,component,Open opportunities,titled component,present,COMPARED,PASS,Present in both; paired capture inspected
UI21.03,UI21,crm,component,Pipeline overview,titled component,present,COMPARED,PASS,Present in both; paired capture inspected
UI21.04,UI21,crm,component,Weighted open pipeline,titled component,present,COMPARED,PASS,Present in both; paired capture inspected
UI21.05,UI21,crm,control,Company,select,,STATE,PASS,State: content changed (+10 rpc)
UI21.06,UI21,crm,control,Edit,button,,STATE,PASS,State: content changed
UI21.07,UI21,crm,control,Expected revenue · Source & definition,button,,DIALOG,PASS,Dialog: Expected revenue
UI21.08,UI21,crm,control,Expected revenue · metric value,button,,NAV,PASS,Opened native Pipeline Analysis
UI21.09,UI21,crm,control,More,button,,STATE,PASS,State: menu opened
UI21.10,UI21,crm,control,Open opportunities · Next page,button,,STATE,PASS,State: content changed (+1 rpc)
UI21.11,UI21,crm,control,Open opportunities · Previous page,button,,DISABLED,PASS,Disabled at a pagination boundary
UI21.12,UI21,crm,control,Open opportunities · View report,button,,NAV,PASS,Opened native Pipeline Analysis
UI21.13,UI21,crm,control,Open opportunities · metric value,button,,REQUEST,PASS,Reloaded its source; same data
UI21.14,UI21,crm,control,Open opportunities · metric value,button,,STATE,PASS,State: content changed (+1 rpc)
UI21.15,UI21,crm,control,Open opportunities · metric value,button,,STATE,PASS,State: content changed (+1 rpc)
UI21.16,UI21,crm,control,Open opportunities · record row (sampled 2 of 4),button,,NAV,PASS,Opened native a record form
UI21.17,UI21,crm,control,Open opportunities · record row (sampled 2 of 4),button,,NAV,PASS,Opened native a record form
UI21.18,UI21,crm,control,Period,select,,STATE,PASS,State: content changed (+10 rpc)
UI21.19,UI21,crm,control,Refresh,button,,STATE,PASS,State: content changed (+10 rpc)
UI21.20,UI21,crm,control,Weighted open pipeline · Source & definition,button,,DIALOG,PASS,Dialog: Weighted open pipeline
UI21.21,UI21,crm,control,Weighted open pipeline · metric value,button,,NAV,PASS,Opened native Pipeline Analysis
UI21.22,UI21,crm,nested control,[dialog: Source & definition] Weighted open pipeline · Back to dashboard,button,,CLOSED,PASS,Closed its dialog or menu
UI21.23,UI21,crm,nested control,[dialog: Source & definition] Weighted open pipeline · Close,button,,CLOSED,PASS,Closed its dialog or menu
UI21.24,UI21,crm,nested control,[dialog: Source & definition] Weighted open pipeline · View report,button,,NAV,PASS,Opened native Pipeline Analysis
UI21.25,UI21,crm,nested control,[inline: Edit] Apply filters,button,,STATE,PASS,State: content changed (+10 rpc)
UI21.26,UI21,crm,reference control,About this proposal,reference control,present,REFERENCE-ONLY,N/A,Prototype-only explanation link; the contract replaces implementation notes with owner language
UI21.27,UI21,crm,reference control,Open opportunities · Autumn grooming collection,reference control,present,REFERENCE-ONLY,PASS,Same row control operated on native records in this panel
UI21.28,UI21,crm,reference control,Open opportunities · Monthly supply agreement,reference control,present,REFERENCE-ONLY,PASS,Same row control operated on native records in this panel
UI21.29,UI21,crm,reference control,Open opportunities · New store opening,reference control,present,REFERENCE-ONLY,PASS,Same row control operated on native records in this panel
UI21.30,UI21,crm,reference control,Open opportunities · Retail starter range,reference control,present,REFERENCE-ONLY,PASS,Same row control operated on native records in this panel
UI21.31,UI21,crm,reference control,"Pipeline overview · Expected revenue: 984,000 EGP",reference control,present,REFERENCE-ONLY,PASS,Metric value button operated in Odoo on that card (native value opens its report)
UI21.32,UI21,crm,reference control,Pipeline overview · Expected revenue: Source & definition,reference control,present,REFERENCE-ONLY,PASS,Same control operated in Odoo ('Source & definition' on that card)
UI21.33,UI21,crm,reference control,"Pipeline overview · Weighted open pipeline: 492,000 EGP",reference control,present,REFERENCE-ONLY,PASS,Metric value button operated in Odoo on that card (native value opens its report)
UI21.34,UI21,crm,reference control,Pipeline overview · Weighted open pipeline: Source & definition,reference control,present,REFERENCE-ONLY,PASS,Same control operated in Odoo ('Source & definition' on that card)
UI22.01,UI22,finance,control,Search documents,button,,STATE,PASS,State: content changed
UI22.02,UI22,sales,control,Search documents,button,,STATE,PASS,State: content changed
UI22.03,UI22,inventory,control,Search documents,button,,STATE,PASS,State: content changed
UI22.04,UI22,procurement,control,Search documents,button,,STATE,PASS,State: content changed
UI22.05,UI22,crm,control,Search documents,button,,STATE,PASS,State: content changed
UI22.06,UI22,hr-overview,control,Search documents,button,,STATE,PASS,State: content changed
UI22.07,UI22,hr-attendance,control,Search documents,button,,STATE,PASS,State: content changed
UI22.08,UI22,hr-time_off,control,Search documents,button,,STATE,PASS,State: content changed
UI22.09,UI22,hr-shifts,control,Search documents,button,,STATE,PASS,State: content changed
UI22.10,UI22,hr-employees,control,Search documents,button,,STATE,PASS,State: content changed
UI23.01,UI23,finance,control,Saved views,button,,DIALOG,PASS,Dialog: Saved views
UI23.02,UI23,finance,nested control,[dialog: Saved views] Saved views · Close,button,,CLOSED,PASS,Closed its dialog or menu
UI23.03,UI23,finance,nested control,[dialog: Saved views] Saved views · Restore saved view,button,,DISABLED,PASS,Disabled by state (disabled when shown)
UI23.04,UI23,finance,nested control,[dialog: Saved views] Saved views · Save current view,button,,CLOSED,PASS,Closed its dialog or menu
UI23.05,UI23,finance,nested control,[dialog: Saved views] Saved views · View name,input[text],,DRAFT,PASS,Draft: applied with Apply filters -> CLOSED closed Saved views
UI23.06,UI23,finance,nested control,[menu: More] Saved views,button,,DIALOG,PASS,Dialog: Saved views
UI23.07,UI23,sales,control,Saved views,button,,DIALOG,PASS,Dialog: Saved views
UI23.08,UI23,sales,nested control,[menu: More] Saved views,button,,DIALOG,PASS,Dialog: Saved views
UI23.09,UI23,inventory,control,Saved views,button,,DIALOG,PASS,Dialog: Saved views
UI23.10,UI23,inventory,nested control,[menu: More] Saved views,button,,DIALOG,PASS,Dialog: Saved views
UI23.11,UI23,procurement,control,Saved views,button,,DIALOG,PASS,Dialog: Saved views
UI23.12,UI23,procurement,nested control,[menu: More] Saved views,button,,DIALOG,PASS,Dialog: Saved views
UI23.13,UI23,crm,control,Saved views,button,,DIALOG,PASS,Dialog: Saved views
UI23.14,UI23,crm,nested control,[menu: More] Saved views,button,,DIALOG,PASS,Dialog: Saved views
UI23.15,UI23,hr-overview,control,Saved views,button,,DIALOG,PASS,Dialog: Saved views
UI23.16,UI23,hr-overview,nested control,[menu: More] Saved views,button,,DIALOG,PASS,Dialog: Saved views
UI23.17,UI23,hr-attendance,control,Saved views,button,,DIALOG,PASS,Dialog: Saved views
UI23.18,UI23,hr-attendance,nested control,[menu: More] Saved views,button,,DIALOG,PASS,Dialog: Saved views
UI23.19,UI23,hr-time_off,control,Saved views,button,,DIALOG,PASS,Dialog: Saved views
UI23.20,UI23,hr-time_off,nested control,[menu: More] Saved views,button,,DIALOG,PASS,Dialog: Saved views
UI23.21,UI23,hr-shifts,control,Saved views,button,,DIALOG,PASS,Dialog: Saved views
UI23.22,UI23,hr-shifts,nested control,[menu: More] Saved views,button,,DIALOG,PASS,Dialog: Saved views
UI23.23,UI23,hr-employees,control,Saved views,button,,DIALOG,PASS,Dialog: Saved views
UI23.24,UI23,hr-employees,nested control,[menu: More] Saved views,button,,DIALOG,PASS,Dialog: Saved views
UI25.01,UI25,finance,control,Needs attention,a,,STATE,PASS,State: content changed
UI25.02,UI25,sales,control,Needs attention,a,,STATE,PASS,State: content changed
UI25.03,UI25,inventory,control,Needs attention,a,,STATE,PASS,State: content changed
UI25.04,UI25,procurement,control,Needs attention,a,,STATE,PASS,State: content changed
UI25.05,UI25,crm,control,Needs attention,a,,STATE,PASS,State: content changed
UI25.06,UI25,hr-overview,control,Needs attention,a,,STATE,PASS,State: content changed
UI25.07,UI25,hr-attendance,control,Needs attention,a,,STATE,PASS,State: content changed
UI25.08,UI25,hr-time_off,control,Needs attention,a,,STATE,PASS,State: content changed
UI25.09,UI25,hr-shifts,control,Needs attention,a,,STATE,PASS,State: content changed
UI25.10,UI25,hr-employees,control,Needs attention,a,,STATE,PASS,State: content changed
UI30.01,UI30,finance,component,Cash & working capital,titled component,present,COMPARED,PASS,Present in both; paired capture inspected
UI30.02,UI30,finance,control,Company,select,,REQUEST,PASS,Reloaded its source; same data
UI30.03,UI30,finance,control,Dashboard Settings,button,,NAV,PASS,Opened native Settings
UI30.04,UI30,finance,control,Data & definitions,a,,STATE,PASS,State: content changed
UI30.05,UI30,finance,control,Data & trust,summary,,STATE,PASS,State: content changed
UI30.06,UI30,finance,control,Edit,button,,STATE,PASS,State: content changed
UI30.07,UI30,finance,control,More,button,,STATE,PASS,State: menu opened
UI30.08,UI30,finance,control,Performance context · Review reporting scope,button,,DIALOG,PASS,Dialog: Revenue
UI30.09,UI30,finance,control,Period,select,,STATE,PASS,State: content changed (+9 rpc)
UI30.10,UI30,finance,control,Refresh,button,,STATE,PASS,State: content changed (+9 rpc)
UI30.11,UI30,finance,nested control,[inline: Edit] Apply filters,button,,STATE,PASS,State: content changed (+9 rpc)
UI30.12,UI30,finance,nested control,[menu: More] Data & definitions,button,,STATE,PASS,State: content changed
UI30.13,UI30,finance,reference control,About this proposal,reference control,present,REFERENCE-ONLY,N/A,Prototype-only explanation link; the contract replaces implementation notes with owner language
UI30.14,UI30,sales,control,Company,select,,STATE,PASS,State: content changed (+10 rpc)
UI30.15,UI30,sales,control,Dashboard Settings,button,,NAV,PASS,Opened native Settings
UI30.16,UI30,sales,control,Data & definitions,a,,STATE,PASS,State: content changed
UI30.17,UI30,sales,control,Data & trust,summary,,STATE,PASS,State: content changed
UI30.18,UI30,sales,control,Edit,button,,STATE,PASS,State: content changed
UI30.19,UI30,sales,control,More,button,,STATE,PASS,State: menu opened
UI30.20,UI30,sales,control,Period,select,,STATE,PASS,State: content changed (+10 rpc)
UI30.21,UI30,sales,control,Refresh,button,,REQUEST,PASS,Reloaded its source; same data
UI30.22,UI30,sales,nested control,[inline: Edit] Apply filters,button,,STATE,PASS,State: content changed (+10 rpc)
UI30.23,UI30,sales,nested control,[menu: More] Data & definitions,button,,STATE,PASS,State: content changed
UI30.24,UI30,sales,reference control,About this proposal,reference control,present,REFERENCE-ONLY,N/A,Prototype-only explanation link; the contract replaces implementation notes with owner language
UI30.25,UI30,inventory,control,Dashboard Settings,button,,NAV,PASS,Opened native Settings
UI30.26,UI30,inventory,control,Data & definitions,a,,STATE,PASS,State: content changed
UI30.27,UI30,inventory,control,Data & trust,summary,,STATE,PASS,State: content changed
UI30.28,UI30,inventory,nested control,[menu: More] Data & definitions,button,,STATE,PASS,State: content changed
UI30.29,UI30,procurement,control,Dashboard Settings,button,,NAV,PASS,Opened native Settings
UI30.30,UI30,procurement,control,Data & definitions,a,,STATE,PASS,State: content changed
UI30.31,UI30,procurement,control,Data & trust,summary,,STATE,PASS,State: content changed
UI30.32,UI30,procurement,nested control,[menu: More] Data & definitions,button,,STATE,PASS,State: content changed
UI30.33,UI30,crm,control,Dashboard Settings,button,,NAV,PASS,Opened native Settings
UI30.34,UI30,crm,control,Data & definitions,a,,STATE,PASS,State: content changed
UI30.35,UI30,crm,control,Data & trust,summary,,STATE,PASS,State: content changed
UI30.36,UI30,crm,nested control,[menu: More] Data & definitions,button,,STATE,PASS,State: content changed
UI30.37,UI30,hr-overview,control,Dashboard Settings,button,,NAV,PASS,Opened native Settings
UI30.38,UI30,hr-overview,control,Data & definitions,a,,STATE,PASS,State: content changed
UI30.39,UI30,hr-overview,control,Data & trust,summary,,STATE,PASS,State: content changed
UI30.40,UI30,hr-overview,nested control,[menu: More] Data & definitions,button,,STATE,PASS,State: content changed
UI30.41,UI30,hr-attendance,control,Dashboard Settings,button,,NAV,PASS,Opened native Settings
UI30.42,UI30,hr-attendance,control,Data & definitions,a,,STATE,PASS,State: content changed
UI30.43,UI30,hr-attendance,control,Data & trust,summary,,STATE,PASS,State: content changed
UI30.44,UI30,hr-attendance,nested control,[menu: More] Data & definitions,button,,STATE,PASS,State: content changed
UI30.45,UI30,hr-time_off,control,Dashboard Settings,button,,NAV,PASS,Opened native Settings
UI30.46,UI30,hr-time_off,control,Data & definitions,a,,STATE,PASS,State: content changed
UI30.47,UI30,hr-time_off,control,Data & trust,summary,,STATE,PASS,State: content changed
UI30.48,UI30,hr-time_off,nested control,[menu: More] Data & definitions,button,,STATE,PASS,State: content changed
UI30.49,UI30,hr-shifts,control,Dashboard Settings,button,,NAV,PASS,Opened native Settings
UI30.50,UI30,hr-shifts,control,Data & definitions,a,,STATE,PASS,State: content changed
UI30.51,UI30,hr-shifts,control,Data & trust,summary,,STATE,PASS,State: content changed
UI30.52,UI30,hr-shifts,nested control,[menu: More] Data & definitions,button,,STATE,PASS,State: content changed
UI30.53,UI30,hr-employees,control,Dashboard Settings,button,,NAV,PASS,Opened native Settings
UI30.54,UI30,hr-employees,control,Data & definitions,a,,STATE,PASS,State: content changed
UI30.55,UI30,hr-employees,control,Data & trust,summary,,STATE,PASS,State: content changed
UI30.56,UI30,hr-employees,nested control,[menu: More] Data & definitions,button,,STATE,PASS,State: content changed
UI31.01,UI31,hr-overview,control,Human Resources · Apply period,button,,DISABLED,PASS,Disabled until a date changes (D13)
UI31.02,UI31,hr-attendance,control,Human Resources · Apply period,button,,DISABLED,PASS,Disabled until a date changes (D13)
UI31.03,UI31,hr-time_off,control,Human Resources · Apply period,button,,DISABLED,PASS,Disabled until a date changes (D13)
UI31.04,UI31,hr-shifts,control,Human Resources · Apply period,button,,DISABLED,PASS,Disabled until a date changes (D13)
UI31.05,UI31,hr-employees,control,Human Resources · Apply period,button,,DISABLED,PASS,Disabled until a date changes (D13)
UI32.01,UI32,hr-overview,component,Active employees,titled component,present,COMPARED,PASS,Present in both; paired capture inspected
UI32.02,UI32,hr-overview,component,Checked in now,titled component,present,COMPARED,PASS,Present in both; paired capture inspected
UI32.03,UI32,hr-overview,component,On approved time off,titled component,present,COMPARED,PASS,Present in both; paired capture inspected
UI32.04,UI32,hr-overview,component,People at a glance,titled component,present,COMPARED,PASS,Present in both; paired capture inspected
UI32.05,UI32,hr-overview,component,Published shifts,titled component,present,COMPARED,PASS,Present in both; paired capture inspected
UI32.06,UI32,hr-overview,component,Team by department,titled component,present,COMPARED,PASS,Present in both; paired capture inspected
UI32.07,UI32,hr-overview,component,Time off & upcoming shifts,titled component,present,COMPARED,PASS,Present in both; paired capture inspected
UI32.08,UI32,hr-overview,component,Time off requests,titled component,present,COMPARED,PASS,Present in both; paired capture inspected
UI32.09,UI32,hr-overview,component,Today’s attendance,titled component,present,COMPARED,PASS,Present in both; paired capture inspected
UI32.10,UI32,hr-overview,component,Unassigned shifts,titled component,present,COMPARED,PASS,Present in both; paired capture inspected
UI32.11,UI32,hr-overview,control,Active employees · View details,button,,STATE,PASS,State: section HR/Overview -> HR/Employees
UI32.12,UI32,hr-overview,control,Active employees · metric value,button,,STATE,PASS,State: section HR/Overview -> HR/Employees
UI32.13,UI32,hr-overview,control,Checked in now · View details,button,,STATE,PASS,State: section HR/Overview -> HR/Attendance
UI32.14,UI32,hr-overview,control,Checked in now · metric value,button,,STATE,PASS,State: section HR/Overview -> HR/Attendance
UI32.15,UI32,hr-overview,control,Human Resources · Attendance,button,,STATE,PASS,State: section HR/Overview -> HR/Attendance
UI32.16,UI32,hr-overview,control,Human Resources · Company,select,,STATE,PASS,State: content changed (+10 rpc)
UI32.17,UI32,hr-overview,control,Human Resources · Employees,button,,STATE,PASS,State: section HR/Overview -> HR/Employees
UI32.18,UI32,hr-overview,control,Human Resources · From,input[date],,DRAFT,PASS,Draft: applied with Apply filters -> STATE content changed (+1 rpc)
UI32.19,UI32,hr-overview,control,Human Resources · Overview,button,,REQUEST,PASS,Reloaded its source; same data
UI32.20,UI32,hr-overview,control,Human Resources · Shifts,button,,STATE,PASS,State: section HR/Overview -> HR/Shifts
UI32.21,UI32,hr-overview,control,Human Resources · Time off,button,,STATE,PASS,State: section HR/Overview -> HR/Time off
UI32.22,UI32,hr-overview,control,Human Resources · To,input[date],,DRAFT,PASS,Draft: applied with Apply filters -> STATE content changed (+1 rpc)
UI32.23,UI32,hr-overview,control,More,button,,STATE,PASS,State: menu opened
UI32.24,UI32,hr-overview,control,On approved time off · View details,button,,STATE,PASS,State: section HR/Overview -> HR/Time off
UI32.25,UI32,hr-overview,control,On approved time off · metric value,button,,STATE,PASS,State: section HR/Overview -> HR/Time off
UI32.26,UI32,hr-overview,control,Published shifts · View shifts,button,,STATE,PASS,State: section HR/Overview -> HR/Shifts
UI32.27,UI32,hr-overview,control,Refresh,button,,REQUEST,PASS,Reloaded its source; same data
UI32.28,UI32,hr-overview,control,Team by department · record row (sampled 2 of 8),button,,STATE,PASS,State: section HR/Overview -> HR/Employees
UI32.29,UI32,hr-overview,control,Team by department · record row (sampled 2 of 8),button,,STATE,PASS,State: section HR/Overview -> HR/Employees
UI32.30,UI32,hr-overview,control,Time off requests · View all,button,,STATE,PASS,State: section HR/Overview -> HR/Time off
UI32.31,UI32,hr-overview,control,Time off requests · record row (sampled 1 of 1),button,,DIALOG,PASS,Dialog: the selected record's details
UI32.32,UI32,hr-overview,control,Time off requests · record row (sampled 1 of 1),button,,DIALOG,PASS,Dialog: the selected record's details
UI32.33,UI32,hr-overview,control,Time off requests · record row (sampled 1 of 1),button,,DIALOG,PASS,Dialog: the selected record's details
UI32.34,UI32,hr-overview,control,Time off requests · record row (sampled 1 of 1),button,,DIALOG,PASS,Dialog: the selected record's details
UI32.35,UI32,hr-overview,control,Time off requests · record row (sampled 2 of 4),button,,NAV,PASS,Opened native a record form
UI32.36,UI32,hr-overview,control,Today’s attendance · View attendance,button,,STATE,PASS,State: section HR/Overview -> HR/Attendance
UI32.37,UI32,hr-overview,control,Today’s attendance · record row (sampled 2 of 3),button,,STATE,PASS,State: section HR/Overview -> HR/Attendance
UI32.38,UI32,hr-overview,control,Today’s attendance · record row (sampled 2 of 3),button,,STATE,PASS,State: section HR/Overview -> HR/Time off
UI32.39,UI32,hr-overview,nested control,[dialog: the selected record] Employee records · Attendance,button,,CLOSED,PASS,Closed its dialog or menu and loaded the linked view
UI32.40,UI32,hr-overview,nested control,[dialog: the selected record] Employee records · Shifts,button,,DISABLED,PASS,Disabled by state (disabled when shown)
UI32.41,UI32,hr-overview,nested control,[dialog: the selected record] Employee records · Time off,button,,CLOSED,PASS,Closed its dialog or menu and loaded the linked view
UI32.42,UI32,hr-overview,nested control,[dialog: the selected record] profile · Back to dashboard,button,,CLOSED,PASS,Closed its dialog or menu
UI32.43,UI32,hr-overview,nested control,[dialog: the selected record] profile · Close,button,,CLOSED,PASS,Closed its dialog or menu
UI32.44,UI32,hr-overview,nested control,[dialog: the selected record] profile · Open employee profile,button,,NAV,PASS,Opened native a record form
UI32.45,UI32,hr-overview,reference control,About this proposal,reference control,present,REFERENCE-ONLY,N/A,Prototype-only explanation link; the contract replaces implementation notes with owner language
UI32.46,UI32,hr-overview,reference control,People at a glance · Active employees: 17,reference control,present,REFERENCE-ONLY,PASS,Metric value button operated in Odoo on that card (native value opens its report)
UI32.47,UI32,hr-overview,reference control,People at a glance · Checked in now: 9,reference control,present,REFERENCE-ONLY,PASS,Metric value button operated in Odoo on that card (native value opens its report)
UI32.48,UI32,hr-overview,reference control,People at a glance · On approved time off: 2,reference control,present,REFERENCE-ONLY,PASS,Metric value button operated in Odoo on that card (native value opens its report)
UI32.49,UI32,hr-overview,reference control,People at a glance · Unassigned shifts: 2,reference control,present,REFERENCE-ONLY,BLOCKED,"Needs Enterprise Planning, not installable locally; the Shifts views show 'Planning is not installed'. Verify on the Odoo.sh build."
UI32.50,UI32,hr-overview,reference control,Published shifts · record row,reference control x4,present,REFERENCE-ONLY,BLOCKED,"Needs Enterprise Planning, not installable locally; the Shifts views show 'Planning is not installed'. Verify on the Odoo.sh build."
UI32.51,UI32,hr-overview,reference control,Team by department · Administration,reference control,present,REFERENCE-ONLY,PASS,Same row control operated on native records in this panel
UI32.52,UI32,hr-overview,reference control,Team by department · Retail,reference control,present,REFERENCE-ONLY,PASS,Same row control operated on native records in this panel
UI32.53,UI32,hr-overview,reference control,Team by department · Warehouse,reference control,present,REFERENCE-ONLY,PASS,Same row control operated on native records in this panel
UI32.54,UI32,hr-overview,reference control,Time off requests · record row,reference control,present,REFERENCE-ONLY,PASS,Same row control operated on native records in this panel
UI32.55,UI32,hr-overview,reference control,Time off requests · record row,reference control,present,REFERENCE-ONLY,PASS,Same row control operated on native records in this panel
UI32.56,UI32,hr-overview,reference control,Time off requests · record row,reference control,present,REFERENCE-ONLY,PASS,Same row control operated on native records in this panel
UI32.57,UI32,hr-overview,reference control,Time off requests · record row,reference control x2,present,REFERENCE-ONLY,PASS,Same row control operated on native records in this panel
UI32.58,UI32,hr-overview,reference control,Time off requests · record row,reference control,present,REFERENCE-ONLY,PASS,Same row control operated on native records in this panel
UI33.01,UI33,hr-attendance,component,Attendance records,titled component,present,COMPARED,PASS,Present in both; paired capture inspected
UI33.02,UI33,hr-attendance,control,Attendance records · Open Attendances,button,,NAV,PASS,Opened native Attendances
UI33.03,UI33,hr-attendance,control,Human Resources · Apply filters,button,,REQUEST,PASS,Reloaded its source; same data
UI33.04,UI33,hr-attendance,control,Human Resources · Attendance,button,,REQUEST,PASS,Reloaded its source; same data
UI33.05,UI33,hr-attendance,control,Human Resources · Clear,button,,REQUEST,PASS,Reloaded its source; same data
UI33.06,UI33,hr-attendance,control,Human Resources · Company,select,,STATE,PASS,State: content changed (+10 rpc)
UI33.07,UI33,hr-attendance,control,Human Resources · Department,select,,DRAFT,PASS,"Draft: applied with Apply filters -> REQUEST 1 rpc, same content"
UI33.08,UI33,hr-attendance,control,Human Resources · Employee or role,input[search],,DRAFT,PASS,Draft: applied with Apply filters -> STATE content changed (+1 rpc)
UI33.09,UI33,hr-attendance,control,Human Resources · Employees,button,,STATE,PASS,State: section HR/Attendance -> HR/Employees
UI33.10,UI33,hr-attendance,control,Human Resources · From,input[date],,DRAFT,PASS,Draft: applied with Apply filters -> STATE content changed (+1 rpc)
UI33.11,UI33,hr-attendance,control,Human Resources · Next page,button,,DISABLED,PASS,Disabled at a pagination boundary
UI33.12,UI33,hr-attendance,control,Human Resources · Overview,button,,STATE,PASS,State: section HR/Attendance -> HR/Overview
UI33.13,UI33,hr-attendance,control,Human Resources · Previous page,button,,DISABLED,PASS,Disabled at a pagination boundary
UI33.14,UI33,hr-attendance,control,Human Resources · Shifts,button,,STATE,PASS,State: section HR/Attendance -> HR/Shifts
UI33.15,UI33,hr-attendance,control,Human Resources · Status,select,,DRAFT,PASS,Draft: applied with Apply filters -> STATE content changed (+1 rpc)
UI33.16,UI33,hr-attendance,control,Human Resources · Time off,button,,STATE,PASS,State: section HR/Attendance -> HR/Time off
UI33.17,UI33,hr-attendance,control,Human Resources · To,input[date],,DRAFT,PASS,Draft: applied with Apply filters -> STATE content changed (+1 rpc)
UI33.18,UI33,hr-attendance,control,Human Resources · metric value,button,,REQUEST,PASS,Reloaded its source; same data
UI33.19,UI33,hr-attendance,control,Human Resources · record row (sampled 2 of 4),button,,DIALOG,PASS,Dialog: the selected record's details
UI33.20,UI33,hr-attendance,control,Human Resources · record row (sampled 2 of 4),button,,DIALOG,PASS,Dialog: the selected record's details
UI33.21,UI33,hr-attendance,control,Human Resources · record row (sampled 2 of 4),button,,NAV,PASS,Opened native a record form
UI33.22,UI33,hr-attendance,control,More,button,,STATE,PASS,State: menu opened
UI33.23,UI33,hr-attendance,control,Refresh,button,,REQUEST,PASS,Reloaded its source; same data
UI33.24,UI33,hr-attendance,nested control,[dialog: the selected record] Employee records · Attendance,button,,CLOSED,PASS,Closed its dialog or menu and loaded the linked view
UI33.25,UI33,hr-attendance,nested control,[dialog: the selected record] Employee records · Shifts,button,,DISABLED,PASS,Disabled by state (disabled when shown)
UI33.26,UI33,hr-attendance,nested control,[dialog: the selected record] Employee records · Time off,button,,CLOSED,PASS,Closed its dialog or menu and loaded the linked view
UI33.27,UI33,hr-attendance,nested control,[dialog: the selected record] profile · Back to dashboard,button,,CLOSED,PASS,Closed its dialog or menu
UI33.28,UI33,hr-attendance,nested control,[dialog: the selected record] profile · Close,button,,CLOSED,PASS,Closed its dialog or menu
UI33.29,UI33,hr-attendance,nested control,[dialog: the selected record] profile · Open employee profile,button,,NAV,PASS,Opened native a record form
UI33.30,UI33,hr-attendance,reference control,About this proposal,reference control,present,REFERENCE-ONLY,N/A,Prototype-only explanation link; the contract replaces implementation notes with owner language
UI33.31,UI33,hr-attendance,reference control,All departments …,reference control,present,REFERENCE-ONLY,PASS,Same filter operated in Odoo (the 'Department' selector)
UI33.32,UI33,hr-attendance,reference control,All statuses …,reference control,present,REFERENCE-ONLY,PASS,Same filter operated in Odoo (the 'Status' selector)
UI33.33,UI33,hr-attendance,reference control,Page 1,reference control x3,present,REFERENCE-ONLY,PASS,Page buttons operated in Odoo
UI33.34,UI33,hr-attendance,reference control,Search employees…,reference control,present,REFERENCE-ONLY,PASS,Same search field operated in Odoo
UI33.35,UI33,hr-attendance,reference control,record row,reference control x2,present,REFERENCE-ONLY,PASS,Same employee row control operated on native records
UI33.36,UI33,hr-attendance,reference control,record row,reference control x2,present,REFERENCE-ONLY,PASS,Same employee row control operated on native records
UI33.37,UI33,hr-attendance,reference control,record row,reference control x2,present,REFERENCE-ONLY,PASS,Same employee row control operated on native records
UI34.01,UI34,hr-time_off,component,Approved leave hours (signed),titled component,absent,ODOO-ONLY,PASS,Accepted existing capability kept on Time off only (deviation D10)
UI34.02,UI34,hr-time_off,component,Time off requests,titled component,present,COMPARED,PASS,Present in both; paired capture inspected
UI34.03,UI34,hr-time_off,control,Approved leave hours (signed) · Source & definition,button,,DIALOG,PASS,Dialog: Approved leave hours (signed)
UI34.04,UI34,hr-time_off,control,Approved leave hours (signed) · metric value,button,,NAV,PASS,Opened native Time Off by Type
UI34.05,UI34,hr-time_off,control,Human Resources · Apply filters,button,,REQUEST,PASS,Reloaded its source; same data
UI34.06,UI34,hr-time_off,control,Human Resources · Attendance,button,,STATE,PASS,State: section HR/Time off -> HR/Attendance
UI34.07,UI34,hr-time_off,control,Human Resources · Clear,button,,REQUEST,PASS,Reloaded its source; same data
UI34.08,UI34,hr-time_off,control,Human Resources · Company,select,,STATE,PASS,State: content changed (+10 rpc)
UI34.09,UI34,hr-time_off,control,Human Resources · Department,select,,DRAFT,PASS,"Draft: applied with Apply filters -> REQUEST 1 rpc, same content"
UI34.10,UI34,hr-time_off,control,Human Resources · Employee or role,input[search],,DRAFT,PASS,"Draft: applied with Apply filters -> REQUEST 1 rpc, same content"
UI34.11,UI34,hr-time_off,control,Human Resources · Employees,button,,STATE,PASS,State: section HR/Time off -> HR/Employees
UI34.12,UI34,hr-time_off,control,Human Resources · From,input[date],,DRAFT,PASS,Draft: applied with Apply filters -> STATE content changed (+1 rpc)
UI34.13,UI34,hr-time_off,control,Human Resources · Next page,button,,STATE,PASS,State: content changed (+1 rpc)
UI34.14,UI34,hr-time_off,control,Human Resources · Overview,button,,STATE,PASS,State: section HR/Time off -> HR/Overview
UI34.15,UI34,hr-time_off,control,Human Resources · Previous page,button,,DISABLED,PASS,Disabled at a pagination boundary
UI34.16,UI34,hr-time_off,control,Human Resources · Shifts,button,,STATE,PASS,State: section HR/Time off -> HR/Shifts
UI34.17,UI34,hr-time_off,control,Human Resources · Status,select,,DRAFT,PASS,Draft: applied with Apply filters -> STATE content changed (+1 rpc)
UI34.18,UI34,hr-time_off,control,Human Resources · Time off,button,,REQUEST,PASS,Reloaded its source; same data
UI34.19,UI34,hr-time_off,control,Human Resources · To,input[date],,DRAFT,PASS,Draft: applied with Apply filters -> STATE content changed (+1 rpc)
UI34.20,UI34,hr-time_off,control,Human Resources · metric value,button,,REQUEST,PASS,Reloaded its source; same data
UI34.21,UI34,hr-time_off,control,Human Resources · metric value,button,,STATE,PASS,State: content changed (+1 rpc)
UI34.22,UI34,hr-time_off,control,Human Resources · record row (sampled 2 of 6),button,,DIALOG,PASS,Dialog: the selected record's details
UI34.23,UI34,hr-time_off,control,Human Resources · record row (sampled 2 of 6),button,,DIALOG,PASS,Dialog: the selected record's details
UI34.24,UI34,hr-time_off,control,Human Resources · record row (sampled 2 of 6),button,,NAV,PASS,Opened native a record form
UI34.25,UI34,hr-time_off,control,More,button,,STATE,PASS,State: menu opened
UI34.26,UI34,hr-time_off,control,Refresh,button,,REQUEST,PASS,Reloaded its source; same data
UI34.27,UI34,hr-time_off,control,Time off requests · Open Time Off,button,,NAV,PASS,Opened native All Time Off
UI34.28,UI34,hr-time_off,nested control,[dialog: Source & definition] Approved leave hours (signed) · Back to dashboard,button,,CLOSED,PASS,Closed its dialog or menu
UI34.29,UI34,hr-time_off,nested control,[dialog: Source & definition] Approved leave hours (signed) · Close,button,,CLOSED,PASS,Closed its dialog or menu
UI34.30,UI34,hr-time_off,nested control,[dialog: Source & definition] Approved leave hours (signed) · View report,button,,NAV,PASS,Opened native Time Off by Type
UI34.31,UI34,hr-time_off,nested control,[dialog: the selected record] Employee records · Attendance,button,,CLOSED,PASS,Closed its dialog or menu and loaded the linked view
UI34.32,UI34,hr-time_off,nested control,[dialog: the selected record] Employee records · Shifts,button,,DISABLED,PASS,Disabled by state (disabled when shown)
UI34.33,UI34,hr-time_off,nested control,[dialog: the selected record] Employee records · Time off,button,,CLOSED,PASS,Closed its dialog or menu and loaded the linked view
UI34.34,UI34,hr-time_off,nested control,[dialog: the selected record] profile · Back to dashboard,button,,CLOSED,PASS,Closed its dialog or menu
UI34.35,UI34,hr-time_off,nested control,[dialog: the selected record] profile · Close,button,,CLOSED,PASS,Closed its dialog or menu
UI34.36,UI34,hr-time_off,nested control,[dialog: the selected record] profile · Open employee profile,button,,NAV,PASS,Opened native a record form
UI34.37,UI34,hr-time_off,reference control,About this proposal,reference control,present,REFERENCE-ONLY,N/A,Prototype-only explanation link; the contract replaces implementation notes with owner language
UI34.38,UI34,hr-time_off,reference control,All departments …,reference control,present,REFERENCE-ONLY,PASS,Same filter operated in Odoo (the 'Department' selector)
UI34.39,UI34,hr-time_off,reference control,All statuses …,reference control,present,REFERENCE-ONLY,PASS,Same filter operated in Odoo (the 'Status' selector)
UI34.40,UI34,hr-time_off,reference control,Page 1,reference control,present,REFERENCE-ONLY,PASS,Page buttons operated in Odoo
UI34.41,UI34,hr-time_off,reference control,Review request,reference control x2,present,REFERENCE-ONLY,CONDITIONAL,"Same action as the operated 'View request'; it reads 'Review request' for requests awaiting approval (hr.xml), and the local period has none"
UI34.42,UI34,hr-time_off,reference control,Search employees…,reference control,present,REFERENCE-ONLY,PASS,Same search field operated in Odoo
UI34.43,UI34,hr-time_off,reference control,record row,reference control,present,REFERENCE-ONLY,PASS,Same employee row control operated on native records
UI34.44,UI34,hr-time_off,reference control,record row,reference control,present,REFERENCE-ONLY,PASS,Same employee row control operated on native records
UI34.45,UI34,hr-time_off,reference control,record row,reference control,present,REFERENCE-ONLY,PASS,Same employee row control operated on native records
UI34.46,UI34,hr-time_off,reference control,record row,reference control,present,REFERENCE-ONLY,PASS,Same employee row control operated on native records
UI34.47,UI34,hr-time_off,reference control,record row,reference control,present,REFERENCE-ONLY,PASS,Same employee row control operated on native records
UI35.01,UI35,hr-shifts,component,Shift schedule,titled component,present,REFERENCE-ONLY,BLOCKED,"Needs Enterprise Planning, not installable locally; the Shifts views show 'Planning is not installed'. Verify on the Odoo.sh build."
UI35.02,UI35,hr-shifts,control,Human Resources · Attendance,button,,STATE,PASS,State: section HR/Shifts -> HR/Attendance
UI35.03,UI35,hr-shifts,control,Human Resources · Company,select,,REQUEST,PASS,Reloaded its source; same data
UI35.04,UI35,hr-shifts,control,Human Resources · Employees,button,,STATE,PASS,State: section HR/Shifts -> HR/Employees
UI35.05,UI35,hr-shifts,control,Human Resources · From,input[date],,DRAFT,PASS,"Draft: applied with Apply filters -> REQUEST 1 rpc, same content"
UI35.06,UI35,hr-shifts,control,Human Resources · Overview,button,,STATE,PASS,State: section HR/Shifts -> HR/Overview
UI35.07,UI35,hr-shifts,control,Human Resources · Shifts,button,,REQUEST,PASS,Reloaded its source; same data
UI35.08,UI35,hr-shifts,control,Human Resources · Time off,button,,STATE,PASS,State: section HR/Shifts -> HR/Time off
UI35.09,UI35,hr-shifts,control,Human Resources · To,input[date],,DRAFT,PASS,"Draft: applied with Apply filters -> REQUEST 1 rpc, same content"
UI35.10,UI35,hr-shifts,control,More,button,,STATE,PASS,State: menu opened
UI35.11,UI35,hr-shifts,control,Refresh,button,,REQUEST,PASS,Reloaded its source; same data
UI35.12,UI35,hr-shifts,reference control,About this proposal,reference control,present,REFERENCE-ONLY,N/A,Prototype-only explanation link; the contract replaces implementation notes with owner language
UI35.13,UI35,hr-shifts,reference control,All departments …,reference control,present,REFERENCE-ONLY,BLOCKED,"Needs Enterprise Planning, not installable locally; the Shifts views show 'Planning is not installed'. Verify on the Odoo.sh build."
UI35.14,UI35,hr-shifts,reference control,All statuses …,reference control,present,REFERENCE-ONLY,BLOCKED,"Needs Enterprise Planning, not installable locally; the Shifts views show 'Planning is not installed'. Verify on the Odoo.sh build."
UI35.15,UI35,hr-shifts,reference control,Apply filters,reference control,present,REFERENCE-ONLY,BLOCKED,"Needs Enterprise Planning, not installable locally; the Shifts views show 'Planning is not installed'. Verify on the Odoo.sh build."
UI35.16,UI35,hr-shifts,reference control,Clear,reference control,present,REFERENCE-ONLY,BLOCKED,"Needs Enterprise Planning, not installable locally; the Shifts views show 'Planning is not installed'. Verify on the Odoo.sh build."
UI35.17,UI35,hr-shifts,reference control,Search employees…,reference control,present,REFERENCE-ONLY,BLOCKED,"Needs Enterprise Planning, not installable locally; the Shifts views show 'Planning is not installed'. Verify on the Odoo.sh build."
UI35.18,UI35,hr-shifts,reference control,Shift schedule · List,reference control,present,REFERENCE-ONLY,BLOCKED,"Needs Enterprise Planning, not installable locally; the Shifts views show 'Planning is not installed'. Verify on the Odoo.sh build."
UI35.19,UI35,hr-shifts,reference control,Shift schedule · Open Planning,reference control,present,REFERENCE-ONLY,BLOCKED,"Needs Enterprise Planning, not installable locally; the Shifts views show 'Planning is not installed'. Verify on the Odoo.sh build."
UI35.20,UI35,hr-shifts,reference control,Shift schedule · Week,reference control,present,REFERENCE-ONLY,BLOCKED,"Needs Enterprise Planning, not installable locally; the Shifts views show 'Planning is not installed'. Verify on the Odoo.sh build."
UI35.21,UI35,hr-shifts,reference control,record row,reference control x2,present,REFERENCE-ONLY,BLOCKED,"Needs Enterprise Planning, not installable locally; the Shifts views show 'Planning is not installed'. Verify on the Odoo.sh build."
UI35.22,UI35,hr-shifts,reference control,shift card,reference control,present,REFERENCE-ONLY,BLOCKED,"Needs Enterprise Planning, not installable locally; the Shifts views show 'Planning is not installed'. Verify on the Odoo.sh build."
UI35.23,UI35,hr-shifts,reference control,shift card,reference control,present,REFERENCE-ONLY,BLOCKED,"Needs Enterprise Planning, not installable locally; the Shifts views show 'Planning is not installed'. Verify on the Odoo.sh build."
UI35.24,UI35,hr-shifts,reference control,shift card,reference control,present,REFERENCE-ONLY,BLOCKED,"Needs Enterprise Planning, not installable locally; the Shifts views show 'Planning is not installed'. Verify on the Odoo.sh build."
UI35.25,UI35,hr-shifts,reference control,shift card,reference control,present,REFERENCE-ONLY,BLOCKED,"Needs Enterprise Planning, not installable locally; the Shifts views show 'Planning is not installed'. Verify on the Odoo.sh build."
UI35.26,UI35,hr-shifts,reference control,shift card,reference control,present,REFERENCE-ONLY,BLOCKED,"Needs Enterprise Planning, not installable locally; the Shifts views show 'Planning is not installed'. Verify on the Odoo.sh build."
UI35.27,UI35,hr-shifts,reference control,shift card,reference control,present,REFERENCE-ONLY,BLOCKED,"Needs Enterprise Planning, not installable locally; the Shifts views show 'Planning is not installed'. Verify on the Odoo.sh build."
UI35.28,UI35,hr-shifts,reference control,shift card,reference control,present,REFERENCE-ONLY,BLOCKED,"Needs Enterprise Planning, not installable locally; the Shifts views show 'Planning is not installed'. Verify on the Odoo.sh build."
UI35.29,UI35,hr-shifts,reference control,shift card,reference control,present,REFERENCE-ONLY,BLOCKED,"Needs Enterprise Planning, not installable locally; the Shifts views show 'Planning is not installed'. Verify on the Odoo.sh build."
UI35.30,UI35,hr-shifts,reference control,shift card,reference control,present,REFERENCE-ONLY,BLOCKED,"Needs Enterprise Planning, not installable locally; the Shifts views show 'Planning is not installed'. Verify on the Odoo.sh build."
UI35.31,UI35,hr-shifts,reference control,shift card,reference control,present,REFERENCE-ONLY,BLOCKED,"Needs Enterprise Planning, not installable locally; the Shifts views show 'Planning is not installed'. Verify on the Odoo.sh build."
UI35.32,UI35,hr-shifts,reference control,shift card,reference control,present,REFERENCE-ONLY,BLOCKED,"Needs Enterprise Planning, not installable locally; the Shifts views show 'Planning is not installed'. Verify on the Odoo.sh build."
UI35.33,UI35,hr-shifts,reference control,shift card,reference control,present,REFERENCE-ONLY,BLOCKED,"Needs Enterprise Planning, not installable locally; the Shifts views show 'Planning is not installed'. Verify on the Odoo.sh build."
UI35.34,UI35,hr-shifts,reference control,shift card,reference control,present,REFERENCE-ONLY,BLOCKED,"Needs Enterprise Planning, not installable locally; the Shifts views show 'Planning is not installed'. Verify on the Odoo.sh build."
UI35.35,UI35,hr-shifts,reference control,shift card,reference control,present,REFERENCE-ONLY,BLOCKED,"Needs Enterprise Planning, not installable locally; the Shifts views show 'Planning is not installed'. Verify on the Odoo.sh build."
UI35.36,UI35,hr-shifts,reference control,shift card,reference control,present,REFERENCE-ONLY,BLOCKED,"Needs Enterprise Planning, not installable locally; the Shifts views show 'Planning is not installed'. Verify on the Odoo.sh build."
UI35.37,UI35,hr-shifts,reference control,shift card,reference control,present,REFERENCE-ONLY,BLOCKED,"Needs Enterprise Planning, not installable locally; the Shifts views show 'Planning is not installed'. Verify on the Odoo.sh build."
UI35.38,UI35,hr-shifts,reference control,shift card,reference control,present,REFERENCE-ONLY,BLOCKED,"Needs Enterprise Planning, not installable locally; the Shifts views show 'Planning is not installed'. Verify on the Odoo.sh build."
UI35.39,UI35,hr-shifts,reference control,shift card,reference control,present,REFERENCE-ONLY,BLOCKED,"Needs Enterprise Planning, not installable locally; the Shifts views show 'Planning is not installed'. Verify on the Odoo.sh build."
UI35.40,UI35,hr-shifts,reference control,shift card,reference control,present,REFERENCE-ONLY,BLOCKED,"Needs Enterprise Planning, not installable locally; the Shifts views show 'Planning is not installed'. Verify on the Odoo.sh build."
UI36.01,UI36,hr-employees,component,Employee directory,titled component,present,COMPARED,PASS,Present in both; paired capture inspected
UI36.02,UI36,hr-employees,control,Employee directory · Open Employees,button,,NAV,PASS,Opened native Employees
UI36.03,UI36,hr-employees,control,Human Resources · Apply filters,button,,REQUEST,PASS,Reloaded its source; same data
UI36.04,UI36,hr-employees,control,Human Resources · Attendance,button,,STATE,PASS,State: section HR/Employees -> HR/Attendance
UI36.05,UI36,hr-employees,control,Human Resources · Clear,button,,REQUEST,PASS,Reloaded its source; same data
UI36.06,UI36,hr-employees,control,Human Resources · Company,select,,STATE,PASS,State: content changed (+10 rpc)
UI36.07,UI36,hr-employees,control,Human Resources · Department,select,,DRAFT,PASS,"Draft: applied with Apply filters -> REQUEST 1 rpc, same content"
UI36.08,UI36,hr-employees,control,Human Resources · Employee or role,input[search],,DRAFT,PASS,Draft: applied with Apply filters -> STATE content changed (+1 rpc)
UI36.09,UI36,hr-employees,control,Human Resources · Employees,button,,REQUEST,PASS,Reloaded its source; same data
UI36.10,UI36,hr-employees,control,Human Resources · From,input[date],,DRAFT,PASS,"Draft: applied with Apply filters -> REQUEST 1 rpc, same content"
UI36.11,UI36,hr-employees,control,Human Resources · Include archived,input,,DRAFT,PASS,"Draft: applied with Apply filters -> REQUEST 1 rpc, same content"
UI36.12,UI36,hr-employees,control,Human Resources · Next page,button,,STATE,PASS,State: content changed (+1 rpc)
UI36.13,UI36,hr-employees,control,Human Resources · Overview,button,,STATE,PASS,State: section HR/Employees -> HR/Overview
UI36.14,UI36,hr-employees,control,Human Resources · Previous page,button,,DISABLED,PASS,Disabled at a pagination boundary
UI36.15,UI36,hr-employees,control,Human Resources · Shifts,button,,STATE,PASS,State: section HR/Employees -> HR/Shifts
UI36.16,UI36,hr-employees,control,Human Resources · Status,select,,DRAFT,PASS,"Draft: applied with Apply filters -> REQUEST 1 rpc, same content"
UI36.17,UI36,hr-employees,control,Human Resources · Time off,button,,STATE,PASS,State: section HR/Employees -> HR/Time off
UI36.18,UI36,hr-employees,control,Human Resources · To,input[date],,DRAFT,PASS,"Draft: applied with Apply filters -> REQUEST 1 rpc, same content"
UI36.19,UI36,hr-employees,control,Human Resources · metric value,button,,REQUEST,PASS,Reloaded its source; same data
UI36.20,UI36,hr-employees,control,Human Resources · metric value,button,,STATE,PASS,State: content changed (+1 rpc)
UI36.21,UI36,hr-employees,control,Human Resources · metric value,button,,STATE,PASS,State: content changed (+1 rpc)
UI36.22,UI36,hr-employees,control,Human Resources · record row (sampled 2 of 6),button,,DIALOG,PASS,Dialog: the selected record's details
UI36.23,UI36,hr-employees,control,Human Resources · record row (sampled 2 of 6),button,,DIALOG,PASS,Dialog: the selected record's details
UI36.24,UI36,hr-employees,control,More,button,,STATE,PASS,State: menu opened
UI36.25,UI36,hr-employees,control,Refresh,button,,REQUEST,PASS,Reloaded its source; same data
UI36.26,UI36,hr-employees,nested control,[dialog: the selected record] Employee records · Attendance,button,,CLOSED,PASS,Closed its dialog or menu and loaded the linked view
UI36.27,UI36,hr-employees,nested control,[dialog: the selected record] Employee records · Shifts,button,,DISABLED,PASS,Disabled by state (disabled when shown)
UI36.28,UI36,hr-employees,nested control,[dialog: the selected record] Employee records · Time off,button,,CLOSED,PASS,Closed its dialog or menu and loaded the linked view
UI36.29,UI36,hr-employees,nested control,[dialog: the selected record] profile · Back to dashboard,button,,CLOSED,PASS,Closed its dialog or menu
UI36.30,UI36,hr-employees,nested control,[dialog: the selected record] profile · Close,button,,CLOSED,PASS,Closed its dialog or menu
UI36.31,UI36,hr-employees,nested control,[dialog: the selected record] profile · Open employee profile,button,,NAV,PASS,Opened native a record form
UI36.32,UI36,hr-employees,reference control,About this proposal,reference control,present,REFERENCE-ONLY,N/A,Prototype-only explanation link; the contract replaces implementation notes with owner language
UI36.33,UI36,hr-employees,reference control,All departments …,reference control,present,REFERENCE-ONLY,PASS,Same filter operated in Odoo (the 'Department' selector)
UI36.34,UI36,hr-employees,reference control,All statuses …,reference control,present,REFERENCE-ONLY,PASS,Same filter operated in Odoo (the 'Status' selector)
UI36.35,UI36,hr-employees,reference control,Page 1,reference control x3,present,REFERENCE-ONLY,PASS,Page buttons operated in Odoo
UI36.36,UI36,hr-employees,reference control,Search employees…,reference control,present,REFERENCE-ONLY,PASS,Same search field operated in Odoo
UI36.37,UI36,hr-employees,reference control,checkbox,reference control,present,REFERENCE-ONLY,PASS,Same checkbox operated in Odoo
UI36.38,UI36,hr-employees,reference control,record row,reference control,present,REFERENCE-ONLY,PASS,Same employee row control operated on native records
UI36.39,UI36,hr-employees,reference control,record row,reference control,present,REFERENCE-ONLY,PASS,Same employee row control operated on native records
UI36.40,UI36,hr-employees,reference control,record row,reference control,present,REFERENCE-ONLY,PASS,Same employee row control operated on native records
UI36.41,UI36,hr-employees,reference control,record row,reference control,present,REFERENCE-ONLY,PASS,Same employee row control operated on native records
UI36.42,UI36,hr-employees,reference control,record row,reference control,present,REFERENCE-ONLY,PASS,Same employee row control operated on native records
UI36.43,UI36,hr-employees,reference control,record row,reference control,present,REFERENCE-ONLY,PASS,Same employee row control operated on native records
